source,target,value
MATH 150,ACMA 101,0.25
MATH 151,ACMA 101,0.25
MATH 154,ACMA 101,0.25
MATH 157,ACMA 101,0.25
MATH 152,ACMA 201,0.5
MATH 155,ACMA 201,0.25
MATH 158,ACMA 201,0.25
HS BC Mathematics 12,ACMA 231,0.5
ACMA 201,ACMA 301,0.5
ACMA 210,ACMA 301,0.5
STAT 285,ACMA 301,1
ACMA 101,ACMA 321,1
STAT 330,ACMA 321,1
ACMA 231,ACMA 321,1
ACMA 336,ACMA 337,0.5
ACMA 201,ACMA 340,0.5
ACMA 210,ACMA 340,0.5
STAT 285,ACMA 340,1
ACMA 301,ACMA 360W,0.5
ACMA 320,ACMA 360W,0.5
ACMA 301,ACMA 401,0.5
ACMA 320,ACMA 401,0.5
ACMA 321,ACMA 421,1
STAT 350,ACMA 421,1
ACMA 337,ACMA 436,0.5
ACMA 436,ACMA 437,0.5
ACMA 437,ACMA 438,0.5
ACMA 355,ACMA 455,1
ARCH 101,ARCH 271,0.5
ARCH 201,ARCH 271,0.5
ARCH 100,ARCH 272W,0.33
ARCH 101,ARCH 272W,0.33
ARCH 201,ARCH 272W,0.33
ARCH 100,ARCH 273,0.2
ARCH 101,ARCH 273,0.2
EVSC 100,ARCH 273,0.2
GEOG 100,ARCH 273,0.2
REM 100,ARCH 273,0.2
ARCH 101,ARCH 282,0.5
ARCH 201,ARCH 282,0.5
ARCH 100,ARCH 286,0.17
ARCH 101,ARCH 286,0.17
ARCH 201,ARCH 286,0.17
EVSC 100,ARCH 286,0.17
GEOG 100,ARCH 286,0.17
REM 100,ARCH 286,0.17
ARCH 100,ARCH 312,0.11
ARCH 101,ARCH 312,0.11
ARCH 201,ARCH 312,0.11
HS 100,ARCH 312,0.11
HS 231,ARCH 312,0.11
HS 232,ARCH 312,0.11
HS 277,ARCH 312,0.11
HIST 277,ARCH 312,0.11
ARCH 100,ARCH 313,0.14
ARCH 201,ARCH 313,0.14
HS 100,ARCH 313,0.14
HS 231,ARCH 313,0.14
HS 232,ARCH 313,0.14
HS/HIST 277,ARCH 313,0.14
ARCH 272W,ARCH 321,0.17
ARCH 273,ARCH 321,0.17
ARCH 131,ARCH 322,1
ARCH 131,ARCH 323,0.5
ARCH 101,ARCH 329,0.5
ARCH 201,ARCH 329,0.5
ARCH 101,ARCH 340,0.5
ARCH 201,ARCH 340,0.5
ARCH 131,ARCH 344,0.5
ARCH 101,ARCH 349,0.5
ARCH 201,ARCH 349,0.5
ARCH 350,ARCH 351,1
ARCH 100,ARCH 363,0.33
ARCH 101,ARCH 363,0.33
ARCH 201,ARCH 363,0.33
ARCH 101,ARCH 365,0.5
ARCH 201,ARCH 365,0.5
ARCH 100,ARCH 365,0.5
REM 100,ARCH 365,0.5
GEOG 100,ARCH 365,0.5
EVSC 100,ARCH 365,0.5
ARCH 101,ARCH 374,0.5
ARCH 201,ARCH 374,0.5
ARCH 131,ARCH 373,0.5
ARCH 101,ARCH 376,0.5
ARCH 201,ARCH 376,0.5
ARCH 285,ARCH 376,0.14
GEOG 251,ARCH 376,0.14
PSYC 210,ARCH 376,0.14
STAT 101,ARCH 376,0.14
STAT 201,ARCH 376,0.14
STAT 203,ARCH 376,0.14
STAT 205,ARCH 376,0.14
ARCH 273,ARCH 378,1
ARCH 282,ARCH 382,0.5
ARCH 372,ARCH 382,0.5
ARCH 101,ARCH 386,0.5
ARCH 201,ARCH 386,0.5
ARCH 282,ARCH 434,0.5
ARCH 372,ARCH 434,0.5
ARCH 282,ARCH 435,0.5
ARCH 372,ARCH 435,0.5
ARCH 373,ARCH 436,1
ARCH 282,ARCH 433,0.5
ARCH 372,ARCH 433,0.5
ARCH 351,ARCH 450,1
ARCH 450,ARCH 451,1
ARCH 101,ARCH 471W,1
ARCH 131,ARCH 471W,1
ARCH 201,ARCH 471W,1
ARCH 272W,ARCH 471W,1
ARCH 273,ARCH 471W,1
ARCH 282,ARCH 479,0.5
ARCH 372,ARCH 479,0.5
ARCH 282,ARCH 480,0.5
ARCH 372,ARCH 480,0.5
ARCH 383,ARCH 483,0.5
HS Biology 12,BISC 101,0.2
BISC 100,BISC 101,0.2
BISC 113,BISC 101,0.2
BPK 105,BISC 101,0.2
HSCI 100,BISC 101,0.2
HS Chemistry 12,BISC 101,0.5
CHEM 111,BISC 101,0.5
BISC 101,BISC 202,1
BISC 102,BISC 202,1
BISC 101,BISC 204,1
BISC 102,BISC 204,1
BISC 101,BISC 205,1
BISC 102,BISC 205,1
PHYS 101,BISC 205,1
BISC 202,BISC 300,1
BISC 202,BISC 302W,1
MBB 222,BISC 302W,1
BISC 102,BISC 303,1
MBB 222,BISC 303,1
MBB 231,BISC 303,1
BISC 205,BISC 305,0.5
BPK 205,BISC 305,0.5
MBB 231,BISC 305,1
BISC 101,BISC 306,1
BISC 102,BISC 306,1
BISC 204,BISC 306,0.5
GEOG 215,BISC 306,0.5
BISC 101,BISC 308,1
BISC 102,BISC 308,1
BISC 204,BISC 308,0.5
GEOG 215,BISC 308,0.5
BISC 204,BISC 309,1
BISC 101,BISC 313,1
BISC 204,BISC 313,0.25
BISC 205,BISC 313,0.25
GEOG 215,BISC 313,0.25
MBB 231,BISC 313,0.25
BISC 101,BISC 316,1
BISC 102,BISC 316,1
BISC 101,BISC 317,1
BISC 102,BISC 317,1
BISC 101,BISC 318,1
BISC 102,BISC 318,1
BISC 204,BISC 318,0.5
HSCI 212,BISC 318,0.5
BISC 101,BISC 327,1
BISC 102,BISC 327,1
BISC 101,BISC 328,1
BISC 102,BISC 328,1
BISC 202,BISC 333,1
MBB 222,BISC 333,1
MBB 231,BISC 333,1
BISC 101,BISC 337,1
BISC 102,BISC 337,1
BISC 341,BISC 342,1
BISC 202,BISC 357,1
MBB 222,BISC 357,1
MBB 231,BISC 357,1
BISC 202,BISC 360W,1
BISC 204,BISC 360W,0.5
GEOG 215,BISC 360W,0.5
STAT 201,BISC 360W,1
BISC 205,BISC 366,1
MBB 231,BISC 366,1
BISC 205,BISC 405,0.25
MBB 231,BISC 405,0.25
BPK 205,BISC 405,0.25
BPK 306,BISC 405,0.25
HSCI 321,BISC 405,0.25
BISC 306,BISC 406,0.5
BISC 316,BISC 406,0.5
BISC 102,BISC 407,1
BISC 204,BISC 407,0.5
GEOG 215,BISC 407,0.5
MATH 154,BISC 407,1
BISC 101,BISC 412,1
BISC 102,BISC 412,1
BISC 204,BISC 412,0.5
GEOG 215,BISC 412,0.5
BISC 204,BISC 413,1
BISC 204,BISC 414,0.5
GEOG 215,BISC 414,0.5
BISC 204,BISC 420,0.5
GEOG 215,BISC 420,0.5
BISC 202,BISC 423,1
MBB 222,BISC 423,1
MBB 231,BISC 423,1
BISC 202,BISC 424,1
MBB 222,BISC 424,1
MBB 231,BISC 424,1
BISC 357,BISC 424,0.5
MBB 331,BISC 424,0.5
BISC 205,BISC 425,0.5
BPK 205,BISC 425,0.5
MBB 231,BISC 425,1
BISC 101,BISC 428,1
BISC 102,BISC 428,1
MBB 222,BISC 428,1
MBB 231,BISC 428,1
MBB 231,BISC 430,1
BISC 303,BISC 430,0.25
BISC 328,BISC 430,0.25
BISC 337,BISC 430,0.25
BISC 366,BISC 430,0.25
MBB 222,BISC 433,1
MBB 231,BISC 433,1
BISC 303,BISC 433,1
BISC 300,BISC 440W,1
STAT 201,BISC 440W,1
BISC 202,BISC 441,0.5
BISC 204,BISC 441,0.5
BISC 342,BISC 443,1
BISC 443,BISC 444,1
BISC 205,BISC 445,1
MBB 231,BISC 445,1
BISC 444,BISC 446,1
BISC 202,BISC 457,1
MBB 222,BISC 457,1
MBB 231,BISC 457,1
BISC 303,BISC 633,0.33
BISC 313,BISC 650,1
BISC 313,BISC 651,1
BISC 313,BISC 652,0.5
BISC 313,BISC 654,1
BISC 101,BISC 854,1
BISC 312,BISC 854,1
CHEM 102,BISC 854,1
CHEM 103,BISC 854,1
BISC 313,BISC 855,1
HS Grade 12 Biology,BPK 180W,0.5
HS Grade 12 Physics,BPK 180W,0.5
HS Grade 12 Math,BPK 180W,1
BPK 142,BPK 207,0.5
BPK 142,BPK 241,1
PHYS 102,BPK 301,0.25
PHYS 121,BPK 301,0.25
PHYS 126,BPK 301,0.25
PHYS 141,BPK 301,0.25
BPK 201,BPK 301,1
BPK 201,BPK 303,1
BPK 241,BPK 303,1
STAT 201,BPK 303,0.5
BPK 142,BPK 304W,1
STAT 201,BPK 304W,1
BPK 201,BPK 304W,0.67
BPK 205,BPK 304W,0.67
BPK 207,BPK 304W,0.67
BPK 205,BPK 310,1
MBB 201,BPK 310,0.5
MBB 231,BPK 310,0.5
BPK 105,BPK 311,0.5
BPK 205,BPK 311,0.5
BPK 110,BPK 311,1
BPK 105,BPK 312,0.5
BPK 205,BPK 312,0.5
BPK 110,BPK 312,1
BPK 142,BPK 325,1
BPK 105,BPK 325,0.5
BPK 205,BPK 325,0.5
BPK 142,BPK 340,1
STAT 201,BPK 340,0.5
PSYC 201,BPK 340,0.5
BPK 351,BPK 352,1
BPK 105,BPK 375,0.5
BPK 205,BPK 375,0.5
BPK 142,BPK 375,1
PSYC 210,BPK 381,0.5
BPK 207,BPK 381,0.5
STAT 201,BPK 381,1
BPK 201,BPK 401,0.5
BPK 205,BPK 401,0.5
BPK 208,BPK 401,0.5
BPK 304W,BPK 407,1
BPK 305,BPK 407,1
BPK 306,BPK 407,1
STAT 201,BPK 408W,1
BISC 205,BPK 408W,0.5
BPK 305,BPK 408W,0.5
MBB 201,BPK 408W,0.5
MBB 231,BPK 408W,0.5
BISC 302W,BPK 408W,0.25
BISC 303,BPK 408W,0.25
BISC 357,BPK 408W,0.25
BPK 304W,BPK 408W,0.25
BPK 304W,BPK 409,1
BPK 305,BPK 409,1
BPK 306,BPK 409,1
BPK 305,BPK 412,0.5
MBB 308,BPK 412,0.5
BPK 306,BPK 415,0.5
BISC 305,BPK 415,0.5
BPK 306,BPK 417,1
BPK 340,BPK 417,1
BPK 305,BPK 432,0.5
BISC 305,BPK 432,0.5
BPK 305,BPK 444,1
BPK 306,BPK 446,1
BPK 306,BPK 447,0.5
BISC 305,BPK 447,0.5
BPK 352,BPK 451,1
BPK 352,BPK 451W,1
BPK 451,BPK 452,1
BPK 452,BPK 453,1
PSYC 301,BPK 457,0.5
BPK 304W,BPK 457,0.5
BPK 303,BPK 481,1
BPK 326,BPK 481,1
ECON 103,BUS 207,0.5
ECON 113,BUS 207,0.5
ECON 105,BUS 207,0.5
ECON 115,BUS 207,0.5
MATH 157,BUS 207,1
BUS 251,BUS 254,1
BUS 207,BUS 307,0.5
ECON 201,BUS 307,0.5
BUS 312,BUS 313,1
BUS 207,BUS 313,0.5
ECON 201,BUS 313,0.5
BUS 238,BUS 314,0.5
BUS 240,BUS 314,0.5
BUS 251,BUS 320,1
BUS 320,BUS 321,1
BUS 254,BUS 322,1
BUS 330,BUS 331,0.5
BUS 329,BUS 331,0.5
MATH 150,BUS 336,0.25
MATH 151,BUS 336,0.25
MATH 154,BUS 336,0.25
MATH 157,BUS 336,0.25
BUS 232,BUS 336,0.25
ECON 233,BUS 336,0.25
STAT 270,BUS 336,0.25
STAT 271,BUS 336,0.25
BUS 237,BUS 362,0.5
BUS 217W,BUS 371,1
BUS 315,BUS 410,1
BUS 360W,BUS 410,1
BUS 315,BUS 411,1
BUS 360W,BUS 411,1
BUS 312,BUS 413,1
BUS 315,BUS 413,1
BUS 360W,BUS 413,1
BUS 315,BUS 414,1
BUS 360W,BUS 414,1
BUS 315,BUS 418,1
BUS 316,BUS 418,0.5
BUS 313,BUS 418,0.5
BUS 360W,BUS 418,1
BUS 315,BUS 419,1
BUS 360W,BUS 419,1
BUS 321,BUS 420,1
BUS 360W,BUS 420,1
BUS 321,BUS 421,1
BUS 360W,BUS 421,1
BUS 322,BUS 424,1
BUS 360W,BUS 424,1
BUS 321,BUS 426,1
BUS 360W,BUS 426,1
BUS 360W,BUS 430,1
BUS 360W,BUS 431,1
BUS 360W,BUS 432,1
BUS 272,BUS 432,0.5
BUS 381,BUS 432,0.5
BUS 360W,BUS 434,1
BUS 360W,BUS 435,1
BUS 336,BUS 440,0.5
BUS 360W,BUS 440,0.5
BUS 232,BUS 441,0.25
ECON 233,BUS 441,0.25
STAT 270,BUS 441,0.25
STAT 271,BUS 441,0.25
BUS 360W,BUS 441,1
BUS 343,BUS 441,1
BUS 343,BUS 444,1
BUS 360W,BUS 444,1
BUS 343,BUS 447,1
BUS 360W,BUS 447,1
BUS 347,BUS 448,1
BUS 360W,BUS 448,1
BUS 360W,BUS 464,1
BUS 362,BUS 464,1
BUS 237,BUS 466,1
BUS 360W,BUS 466,1
BUS 362,BUS 466,1
BUS 237,BUS 468,1
BUS 360W,BUS 468,1
BUS 362,BUS 468,1
BUS 360W,BUS 471,1
BUS 207,BUS 478,0.33
ECON 201,BUS 478,0.33
ECON 301,BUS 478,0.33
BUS 312,BUS 478,1
BUS 343,BUS 478,1
BUS 360W,BUS 478,1
BUS 374,BUS 478,0.5
BUS 381,BUS 478,0.5
BUS 360W,BUS 479,1
BUS 381,BUS 481,1
BUS 360W,BUS 481,1
BUS 272,BUS 482,1
BUS 381,BUS 482,1
BUS 360W,BUS 482,1
BUS 393,BUS 483,1
BUS 360W,BUS 483,1
BUS 381,BUS 484,1
BUS 360W,BUS 484,1
BUS 272,BUS 485,1
BUS 360W,BUS 485,1
BUS 374,BUS 485,0.5
BUS 381,BUS 485,0.5
BUS 360W,BUS 488,1
BUS 374,BUS 488,0.5
BUS 381,BUS 488,0.5
BUS 360W,BUS 498,1
BUS 510,BUS 555,1
BUS 694,BUS 695,1
BUS 705,BUS 708,1
BUS 741,BUS 730,1
BUS 792,BUS 795,1
BUS 790,BUS 796,1
BUS 791,BUS 796,1
BUS 803,BUS 802,1
BUS 806,BUS 802,1
BUS 827,BUS 802,1
BUS 803,BUS 810,1
BUS 806,BUS 810,1
BUS 827,BUS 810,1
BUS 831,BUS 841,1
BUS 832,BUS 842,1
BUS 845,BUS 846,1
BUS 881,BUS 880,0.5
BUS 890,BUS 965,1
BUS 891,BUS 967,1
BUS 891,BUS 968,1
BUS 971,BUS 970,1
BUS 970,BUS 971,1
CA 130,CA 131,0.5
FPA 130,CA 131,0.5
CA 143,CA 144,1
CA 146,CA 144,1
CA 143,CA 145,1
CA 151,CA 152,1
CA 160,CA 161,0.5
FPA 160,CA 161,0.5
CA 118,CA 210W,1
CA 122,CA 220,1
CA 123,CA 220,1
CA 124,CA 220,1
CA 129,CA 220,1
CA 220,CA 221,0.5
FPA 220,CA 221,0.5
CA 131,CA 230,1
CA 233,CA 230,1
CA 230,CA 231,0.5
FPA 230,CA 231,0.5
CA 233,CA 231,0.5
FPA 233,CA 231,0.5
CA 131,CA 232,0.5
FPA 131,CA 232,0.5
CA 140,CA 240,1
CA 144,CA 240,1
CA 146,CA 240,1
CA 143,CA 241,0.5
CA 146,CA 242,0.5
CA 245,CA 246,1
CA 123,CA 251,0.17
CA 131,CA 251,0.17
CA 146,CA 251,0.17
CA 152,CA 251,0.17
CA 161,CA 251,0.17
CA 171,CA 251,0.17
CA 123,CA 252,0.17
CA 131,CA 252,0.17
CA 146,CA 252,0.17
CA 161,CA 252,0.17
CA 171,CA 252,0.17
CA 251,CA 252,0.17
CA 123,CA 253,0.17
CA 131,CA 253,0.17
CA 146,CA 253,0.17
CA 152,CA 253,0.17
CA 161,CA 253,0.17
CA 171,CA 253,0.17
CA 123,CA 254,0.17
CA 131,CA 254,0.17
CA 146,CA 254,0.17
CA 152,CA 254,0.17
CA 161,CA 254,0.17
CA 171,CA 254,0.17
CA 123,CA 255,0.17
CA 131,CA 255,0.17
CA 146,CA 255,0.17
CA 152,CA 255,0.17
CA 161,CA 255,0.17
CA 171,CA 255,0.17
CA 123,CA 256,0.17
CA 131,CA 256,0.17
CA 146,CA 256,0.17
CA 152,CA 256,0.17
CA 161,CA 256,0.17
CA 171,CA 256,0.17
CA 118,CA 260,0.5
CA 168,CA 260,0.5
CA 161,CA 260,1
CA 260,CA 261,0.5
FPA 260,CA 261,0.5
CA 160,CA 263,0.5
FPA 160,CA 263,0.5
CA 160,CA 265,0.5
FPA 160,CA 265,0.5
CA 171,CA 270,1
CA 170,CA 271,0.5
FPA 170,CA 271,0.5
CA 175,CA 275,0.5
CA 122,CA 285,0.17
CA 130,CA 285,0.17
CA 145,CA 285,0.17
CA 150,CA 285,0.17
CA 160,CA 285,0.17
CA 170,CA 285,0.17
CA 221,CA 320,1
CA 320,CA 321,0.5
FPA 320,CA 321,0.5
CA 123,CA 322,1
CA 124,CA 322,1
CA 124,CA 324,1
CA 228W,CA 324,1
CA 285,CA 324,1
CA 231,CA 330,1
CA 231,CA 332,0.33
FPA 231,CA 332,0.33
CA 285,CA 333,1
CA 285,CA 334,1
CA 245,CA 340,0.5
CA 243,CA 343,1
CA 140,CA 344,0.5
CA 246,CA 345,1
CA 345,CA 346,1
CA 247,CA 347,0.5
CA 245,CA 349,0.5
FPA 245,CA 349,0.5
CA 221,CA 354,0.13
CA 231,CA 354,0.13
CA 246,CA 354,0.13
CA 252,CA 354,0.13
CA 261,CA 354,0.13
CA 271,CA 354,0.13
CA 285,CA 354,0.13
CA 354,CA 355,1
CA 221,CA 356,0.13
CA 231,CA 356,0.13
CA 246,CA 356,0.13
CA 252,CA 356,0.13
CA 256,CA 356,0.13
CA 261,CA 356,0.13
CA 271,CA 356,0.13
CA 285,CA 356,0.13
CA 257W,CA 357W,1
CA 117,CA 360,0.5
CA 167,CA 360,0.5
CA 118,CA 360,0.5
CA 168,CA 360,0.5
CA 210W,CA 360,0.5
CA 210,CA 360,0.5
CA 261,CA 360,1
CA 366,CA 360,1
CA 360,CA 361,0.5
FPA 360,CA 361,0.5
CA 366,CA 361,1
CA 367,CA 361,1
CA 160,CA 362,1
CA 160,CA 363,0.5
FPA 160,CA 363,0.5
CA 160,CA 365,0.5
FPA 160,CA 365,0.5
CA 117,CA 366,0.5
CA 167,CA 366,0.5
CA 118,CA 366,0.5
CA 168,CA 366,0.5
CA 210W,CA 366,0.5
CA 210,CA 366,0.5
CA 261,CA 366,1
CA 360,CA 366,1
CA 271,CA 370,0.5
CA 270,CA 376,0.33
CA 276,CA 376,0.33
CA 231,CA 390,0.25
FPA 231,CA 390,0.25
CA 304,CA 406,1
CA 304,CA 407,1
CA 285,CA 420,1
CA 321,CA 420,1
CA 124,CA 421,0.5
FPA 124,CA 421,0.5
CA 285,CA 421,1
CA 324,CA 421,1
CA 326,CA 421,0.5
CA 327,CA 421,0.5
CA 324,CA 424,1
CA 220,CA 425,1
CA 324,CA 425,1
CA 322,CA 427,0.5
CA 323,CA 427,0.5
CA 331,CA 430,1
CA 430,CA 432,0.5
FPA 430,CA 432,0.5
CA 240,CA 440,0.5
CA 346,CA 445,1
CA 445,CA 446,1
CA 241,CA 449,0.5
CA 350,CA 450,0.5
CA 253,CA 451,1
CA 355,CA 451,1
CA 356,CA 451,1
CA 357W,CA 451,1
CA 451,CA 452,1
CA 361,CA 460,1
CA 367,CA 460,1
CA 460,CA 461,0.5
FPA 460,CA 461,0.5
CA 370,CA 470,0.25
CA 371,CA 470,0.25
CA 811,CA 812,0.5
FPA 811,CA 812,0.5
CA 811,CA 813,0.5
FPA 811,CA 813,0.5
CA 821,CA 822,1
CA 823,CA 822,0.4
CA 824,CA 822,0.4
CA 825,CA 822,0.4
CA 826,CA 822,0.4
CA 828,CA 822,0.4
CA 890,CA 891,1
CA 892,CA 895,1
CA 895,CA 899,1
CHEM 12,CHEM 120,0.5
CHEM 110,CHEM 120,0.25
CHEM 111,CHEM 120,0.25
CHEM 12,CHEM 121,0.25
CHEM 109,CHEM 121,0.25
CHEM 111,CHEM 121,0.25
CHEM 110,CHEM 121,0.25
CHEM 115,CHEM 121,0.25
CHEM 120,CHEM 122,0.5
CHEM 121,CHEM 122,0.5
CHEM 121,CHEM 126,1
CHEM 122,CHEM 126,1
CHEM 121,CHEM 180,1
CHEM 122,CHEM 210,1
CHEM 122,CHEM 216,1
CHEM 126,CHEM 216,1
CHEM 210,CHEM 216,1
CHEM 126,CHEM 236W,1
CHEM 230,CHEM 236W,1
CHEM 260,CHEM 266,1
CHEM 120,CHEM 280,0.5
CHEM 121,CHEM 280,0.5
CHEM 122,CHEM 280,1
CHEM 281,CHEM 282,1
CHEM 281,CHEM 283,1
CHEM 282,CHEM 284,0.5
CHEM 281,CHEM 286,1
CHEM 282,CHEM 286,0.5
CHEM 283,CHEM 286,0.5
CHEM 306,CHEM 307,1
CHEM 210,CHEM 316,0.5
CHEM 216,CHEM 316,0.5
CHEM 260,CHEM 316,0.5
CHEM 316,CHEM 317,1
CHEM 230,CHEM 332,0.5
CHEM 236,CHEM 332,0.5
CHEM 260,CHEM 332,0.5
CHEM 236W,CHEM 336,1
CHEM 332,CHEM 336,1
CHEM 266,CHEM 366W,1
CHEM 360,CHEM 366W,1
CHEM 121,CHEM 371,1
CHEM 122,CHEM 372,1
CHEM 281,CHEM 372,1
CHEM 380,CHEM 381,1
CHEM 230,CHEM 391,0.5
CHEM 282,CHEM 391,0.25
CHEM 283,CHEM 391,0.25
CHEM 316,CHEM 396,0.14
CHEM 332,CHEM 396,0.14
CHEM 336,CHEM 396,0.14
CHEM 360,CHEM 396,0.14
CHEM 366,CHEM 396,0.14
CHEM 380,CHEM 396,0.14
NUSC 341,CHEM 396,0.14
CHEM 407,CHEM 408,1
CHEM 316,CHEM 419,1
CHEM 332,CHEM 432,1
CHEM 332,CHEM 439,1
CHEM 340,CHEM 440,1
CHEM 282,CHEM 442,0.5
CHEM 283,CHEM 442,0.5
CHEM 380,CHEM 452,0.5
MBB 222,CHEM 452,0.5
CHEM 380,CHEM 459,0.5
CHEM 364,CHEM 462,0.5
PHYS 385,CHEM 462,0.5
CHEM 481,CHEM 483,1
CHIN 291,CHIN 330,0.5
CHIN 291,CHIN 390,0.5
CMNS 110,CMNS 202,1
CMNS 110,CMNS 221,0.5
CMNS 130,CMNS 221,0.5
CMNS 395,CMNS 396,1
CMNS 460,CMNS 461,1
CMNS 396,CMNS 494,1
CMNS 494,CMNS 495,1
CMNS 495,CMNS 496,1
CMNS 497,CMNS 498,1
CMNS 801,CMNS 893,1
CMNS 800,CMNS 893,0.33
CMNS 802,CMNS 893,0.33
CMNS 804,CMNS 893,0.33
CMNS 801,CMNS 896,1
CMNS 800,CMNS 896,0.33
CMNS 802,CMNS 896,0.33
CMNS 804,CMNS 896,0.33
HS BC Math 12,CMPT 130,0.5
MATH 100,CMPT 130,0.1
MATH 150,CMPT 130,0.1
MATH 151,CMPT 130,0.1
MATH 154,CMPT 130,0.1
MATH 157,CMPT 130,0.1
CMPT 130,CMPT 135,1
CMPT 125,CMPT 201,0.5
CMPT 135,CMPT 201,0.5
MACM 101,CMPT 201,1
MACM 101,CMPT 210,1
MATH 152,CMPT 210,1
CMPT 125,CMPT 210,0.5
CMPT 135,CMPT 210,0.5
MATH 240,CMPT 210,0.5
MATH 232,CMPT 210,0.5
CMPT 225,CMPT 213,1
MACM 101,CMPT 225,0.5
CMPT 125,CMPT 225,0.17
CMPT 129,CMPT 225,0.17
CMPT 135,CMPT 225,0.17
ENSC 251,CMPT 225,0.5
ENSC 252,CMPT 225,0.5
CMPT 125,CMPT 263,0.5
CMPT 135,CMPT 263,0.5
CMPT 120,CMPT 272,0.33
CMPT 130,CMPT 272,0.33
CMPT 128,CMPT 272,0.33
CMPT 225,CMPT 300,1
CMPT 295,CMPT 300,0.5
ENSC 254,CMPT 300,0.5
CMPT 225,CMPT 303,1
CMPT 295,CMPT 303,0.5
ENSC 254,CMPT 303,0.5
CMPT 201,CMPT 303,0.5
ENSC 351,CMPT 303,0.5
CMPT 225,CMPT 305,1
MACM 101,CMPT 305,0.5
ENSC 251,CMPT 305,0.5
ENSC 252,CMPT 305,0.5
STAT 270,CMPT 305,0.5
STAT 271,CMPT 305,0.5
MACM 201,CMPT 308,0.5
CMPT 210,CMPT 308,0.5
CMPT 225,CMPT 318,1
CMPT 225,CMPT 353,1
BUS 232,CMPT 353,0.11
STAT 201,CMPT 353,0.11
STAT 203,CMPT 353,0.11
STAT 205,CMPT 353,0.11
STAT 270,CMPT 353,0.11
STAT 271,CMPT 353,0.11
ENSC 280,CMPT 353,0.11
MSE 210,CMPT 353,0.11
SEE 241,CMPT 353,0.11
CMPT 225,CMPT 354,1
MACM 101,CMPT 354,0.5
ENSC 251,CMPT 354,0.5
ENSC 252,CMPT 354,0.5
CMPT 225,CMPT 361,1
STAT 271,CMPT 361,1
CMPT 225,CMPT 362,1
CMPT 225,CMPT 363,1
CMPT 263,CMPT 363,1
CMPT 225,CMPT 365,1
CMPT 272,CMPT 372,1
CMPT 225,CMPT 372,1
CMPT 276,CMPT 373,0.5
CMPT 275,CMPT 373,0.5
CMPT 105W,CMPT 376W,1
CMPT 275,CMPT 376W,0.5
CMPT 276,CMPT 376W,0.5
MACM 201,CMPT 379,0.5
CMPT 210,CMPT 379,0.5
CMPT 295,CMPT 379,0.5
ENSC 215,CMPT 379,0.5
CMPT 225,CMPT 379,1
CMPT 225,CMPT 383,1
MACM 101,CMPT 383,0.5
ENSC 251,CMPT 383,0.5
ENSC 252,CMPT 383,0.5
CMPT 225,CMPT 384,1
MACM 101,CMPT 384,0.5
ENSC 251,CMPT 384,0.5
ENSC 252,CMPT 384,0.5
CMPT 201,CMPT 403,0.5
CMPT 300,CMPT 403,0.5
CMPT 307,CMPT 405,1
CMPT 307,CMPT 409,1
CMPT 310,CMPT 410,1
MACM 316,CMPT 410,1
CMPT 361,CMPT 412,1
MATH 152,CMPT 412,1
CMPT 225,CMPT 417,1
CMPT 410,CMPT 420,0.5
CMPT 419,CMPT 420,0.5
CMPT 426,CMPT 427,1
CMPT 427,CMPT 428,1
CMPT 428,CMPT 429,1
CMPT 429,CMPT 430,1
CMPT 201,CMPT 431,0.5
CMPT 300,CMPT 431,0.5
CMPT 371,CMPT 431,1
CMPT 307,CMPT 441,1
CMPT 295,CMPT 450,1
CMPT 354,CMPT 459,1
CMPT 361,CMPT 461,1
CMPT 361,CMPT 469,1
CMPT 300,CMPT 471,1
CMPT 371,CMPT 471,1
CMPT 275,CMPT 473,0.5
CMPT 276,CMPT 473,0.5
CMPT 371,CMPT 474,1
CMPT 275,CMPT 475,0.5
CMPT 276,CMPT 475,0.5
MACM 201,CMPT 475,0.5
CMPT 210,CMPT 475,0.5
MATH 232,CMPT 476,0.5
MATH 240,CMPT 476,0.5
CMPT 275,CMPT 477,0.5
CMPT 276,CMPT 477,0.5
CMPT 476,CMPT 478,0.5
PHYS 416,CMPT 478,0.5
CMPT 201,CMPT 479,0.5
CMPT 300,CMPT 479,0.5
CMPT 383,CMPT 489,1
CMPT 275,CMPT 493,0.5
CMPT 276,CMPT 493,0.5
CMPT 626,CMPT 627,1
CMPT 627,CMPT 628,1
CMPT 361,CMPT 722,0.5
CMPT 726,CMPT 722,1
CMPT 732,CMPT 733,1
CMPT 742,CMPT 743,1
CMPT 782,CMPT 783,1
CMPT 413,CMPT 839,0.5
CMPT 713,CMPT 839,0.5
CMPT 726,CMPT 839,0.5
CMPT 728,CMPT 839,0.5
COGS 100,COGS 200,1
PHIL 110,COGS 315,0.14
PHIL 210,COGS 315,0.14
PHIL 310,COGS 315,0.14
PHIL 314,COGS 315,0.14
MACM 101,COGS 315,0.14
BUEC 232,COGS 315,0.14
STAT 270,COGS 315,0.14
CRIM 101,CRIM 210,1
CRIM 131,CRIM 210,1
CRIM 135,CRIM 230,1
CRIM 131,CRIM 241,1
CRIM 131,CRIM 251,1
CRIM 101,CRIM 300W,1
CRIM 101,CRIM 302,1
CRIM 101,CRIM 311,1
CRIM 101,CRIM 314,1
CRIM 101,CRIM 316,1
CRIM 103,CRIM 316,1
CRIM 101,CRIM 317,1
CRIM 101,CRIM 318,1
CRIM 101,CRIM 319,1
CRIM 101,CRIM 326,1
CRIM 103,CRIM 326,1
CRIM 101,CRIM 330,1
CRIM 230,CRIM 330,1
CRIM 101,CRIM 331,1
CRIM 230,CRIM 331,1
CRIM 101,CRIM 332,1
CRIM 135,CRIM 332,1
CRIM 101,CRIM 335,1
CRIM 135,CRIM 335,1
CRIM 101,CRIM 338,1
CRIM 135,CRIM 338,1
CRIM 101,CRIM 340,1
CRIM 220,CRIM 340,1
CRIM 101,CRIM 343,1
CRIM 101,CRIM 346,1
CRIM 101,CRIM 350,1
CRIM 101,CRIM 351,1
CRIM 251,CRIM 351,1
CRIM 101,CRIM 352,1
CRIM 101,CRIM 357,1
CRIM 101,CRIM 380,1
CRIM 131,CRIM 410,1
CRIM 101,CRIM 416,1
CRIM 101,CRIM 417,1
CRIM 101,CRIM 418,1
CRIM 101,CRIM 419,0.25
FNST 101,CRIM 419,0.25
FNST 201,CRIM 419,0.25
CRIM 101,CRIM 433,1
CRIM 220,CRIM 441,1
CRIM 101,CRIM 451,1
CRIM 101,CRIM 452,1
CRIM 101,CRIM 453,1
CRIM 101,CRIM 454,1
CRIM 251,CRIM 458,1
CRIM 101,CRIM 460,1
CRIM 490,CRIM 499,1
CRIM 491,CRIM 499,1
CRIM 800,CRIM 801,0.5
CRIM 861,CRIM 863,0.5
CRIM 862,CRIM 864,0.5
CRIM 860,CRIM 865,0.5
CRIM 897,CRIM 890,1
DIAL 394,DIAL 393,1
DIAL 393,DIAL 394,1
DMED 520,DMED 521,1
DMED 521,DMED 522,1
DMED 530,DMED 531,1
EASC 101,EASC 201,1
EASC 101,EASC 202,1
CHEM 121,EASC 202,1
EASC 101,EASC 204,1
PHYS 101,EASC 204,0.25
PHYS 120,EASC 204,0.25
PHYS 125,EASC 204,0.25
PHYS 140,EASC 204,0.25
EASC 202,EASC 205,1
CHEM 122,EASC 205,1
PHYS 102,EASC 205,0.25
PHYS 133,EASC 205,0.25
PHYS 121,EASC 205,0.25
PHYS 126,EASC 205,0.25
PHYS 141,EASC 205,0.25
EASC 101,EASC 206,1
EASC 210,EASC 206,1
MATH 152,EASC 207,1
PHYS 102,EASC 207,0.25
PHYS 133,EASC 207,0.25
PHYS 121,EASC 207,0.25
PHYS 126,EASC 207,0.25
PHYS 141,EASC 207,0.25
EASC 202,EASC 208,1
CHEM 121,EASC 208,1
CHEM 122,EASC 208,1
CHEM 126,EASC 208,1
EASC 101,EASC 209W,1
EASC 101,EASC 210,1
EASC 205,EASC 301,1
EASC 208,EASC 301,1
STAT 201,EASC 302,0.5
STAT 270,EASC 302,0.5
EASC 201,EASC 302,1
EASC 205,EASC 302,1
EASC 101,EASC 304,1
PHYS 102,EASC 304,0.25
PHYS 121,EASC 304,0.25
PHYS 126,EASC 304,0.25
PHYS 141,EASC 304,0.25
EASC 201,EASC 306,1
EASC 204,EASC 306,1
EASC 205,EASC 306,1
EASC 206,EASC 306,1
EASC 201,EASC 308,1
EASC 206,EASC 308,1
EASC 209W,EASC 308,1
EASC 201,EASC 309,1
EASC 204,EASC 309,1
EASC 205,EASC 309,1
EASC 206,EASC 309,1
EASC 207,EASC 309,1
EASC 301,EASC 311,1
EASC 204,EASC 313,1
EASC 201,EASC 401,1
EASC 204,EASC 401,1
EASC 208,EASC 401,1
EASC 301,EASC 401,1
EASC 302,EASC 402,1
EASC 201,EASC 403,1
EASC 209W,EASC 403,0.5
GEOG 213,EASC 403,0.5
EASC 308,EASC 403,1
EASC 313,EASC 413,0.5
EASC 302,EASC 420,0.5
EASC 312,EASC 420,0.5
EASC 304,EASC 420,1
EASC 498,EASC 499,1
EASC 313,EASC 629,0.5
ECO 622,ECO 641,1
ECOR 911O,ECO 641,1
ECON 103,ECON 201,0.5
ECON 113,ECON 201,0.5
ECON 105,ECON 201,0.5
ECON 115,ECON 201,0.5
MATH 150,ECON 201,0.25
MATH 151,ECON 201,0.25
MATH 154,ECON 201,0.25
MATH 157,ECON 201,0.25
ECON 103,ECON 260,0.5
ECON 113,ECON 260,0.5
ECON 103,ECON 280,0.5
ECON 113,ECON 280,0.5
ECON 103,ECON 290,0.5
ECON 113,ECON 290,0.5
ECON 103,ECON 291,0.5
ECON 113,ECON 291,0.5
ECON 105,ECON 291,0.5
ECON 115,ECON 291,0.5
ECON 201,ECON 302,1
ECON 201,ECON 325,1
ECON 333,ECON 335,1
ECON 103,ECON 345,0.5
ECON 113,ECON 345,0.5
ECON 105,ECON 345,0.5
ECON 115,ECON 345,0.5
ECON 103,ECON 355W,0.5
ECON 113,ECON 355W,0.5
ECON 105,ECON 355W,0.5
ECON 115,ECON 355W,0.5
ECON 103,ECON 362,0.5
ECON 113,ECON 362,0.5
ECON 105,ECON 362,0.5
ECON 115,ECON 362,0.5
ECON 201,ECON 381,1
ECON 201,ECON 392,1
ECON 201,ECON 393,1
ECON 201,ECON 410,1
ECON 305,ECON 410,1
ECON 302,ECON 425,1
ECON 333,ECON 434,0.5
BUEC 333,ECON 434,0.5
ECON 302,ECON 434,1
ECON 201,ECON 437,0.5
ECON 301,ECON 437,0.5
ECON 201,ECON 446,1
ECON 305,ECON 446,1
ECON 345,ECON 446,1
ECON 302,ECON 448W,1
ECON 333,ECON 448W,0.5
BUEC 333,ECON 448W,0.5
ECON 201,ECON 453,1
ECON 333,ECON 453,0.5
BUEC 333,ECON 453,0.5
ECON 333,ECON 455W,1
ECON 302,ECON 460,1
ECON 333,ECON 480,0.5
BUEC 333,ECON 480,0.5
ECON 302,ECON 494,1
ECON 305,ECON 494,1
ECON 333,ECON 494,0.5
BUEC 333,ECON 494,0.5
ECON 494,ECON 499W,1
ECON 802,ECON 750,1
ECON 807,ECON 750,0.5
ECON 808,ECON 750,0.5
ECON 835,ECON 750,1
ECON 836,ECON 750,1
ECON 750,ECON 751,1
ECON 331,ECON 802,1
ECON 802,ECON 803,1
ECON 798,ECON 807,0.5
ECON 808,ECON 809,1
ECON 331,ECON 815,1
ECON 815,ECON 818,1
ECON 331,ECON 831,1
ECON 435,ECON 835,1
ECON 798,ECON 835,1
ECON 835,ECON 836,1
ECON 837,ECON 838,1
ECON 802,ECON 899,1
ECON 807,ECON 899,0.5
ECON 808,ECON 899,0.5
ECON 835,ECON 899,1
ECON 836,ECON 899,0.5
ECON 837,ECON 899,0.5
ECON 838,ECON 984,1
ECON 803,ECON 985,1
ECON 804,ECON 985,1
ECON 808,ECON 986,1
ECON 809,ECON 986,1
EDUC 220,EDUC 222,1
EDUC 220,EDUC 320,1
EDUC 220,EDUC 322,0.5
PSYC 250,EDUC 322,0.5
EDUC 220,EDUC 323,1
EDUC 220,EDUC 325,1
EDUC 220,EDUC 327,1
EDUC 252,EDUC 352W,1
EDUC 402,EDUC 403,1
EDUC 402,EDUC 408,1
EDUC 407,EDUC 408,1
EDUC 403,EDUC 408,1
EDUC 402,EDUC 409,1
EDUC 403,EDUC 409,1
EDUC 407,EDUC 409,1
EDUC 408,EDUC 409,1
EDUC 405,EDUC 409,1
EDUC 400,EDUC 410,1
EDUC 464,EDUC 466,1
EDUC 799,EDUC 800,1
EDUC 800,EDUC 801,1
HIST 220,HIST 402,0.14
HIST 223,HIST 402,0.14
HUM 219,HIST 402,0.14
HIST 305,HIST 402,0.14
HIST 311,HIST 402,0.14
HIST 312W,HIST 402,0.14
HIST 151,HIST 465,0.17
HIST 249,HIST 465,0.17
HIST 350,HIST 465,0.17
HIST 354,HIST 465,0.17
HIST 355,HIST 465,0.17
HSCI 100,HSCI 204,0.5
BISC 101,HSCI 204,0.5
HSCI 130,HSCI 204,1
HSCI 130,HSCI 206,1
HSCI 130,HSCI 207,1
STAT 201,HSCI 207,0.33
STAT 203,HSCI 207,0.33
STAT 205,HSCI 207,0.33
HSCI 100,HSCI 211,0.5
BISC 101,HSCI 211,0.5
HSCI 130,HSCI 211,1
HSCI 100,HSCI 212,0.5
BISC 101,HSCI 212,0.5
HSCI 130,HSCI 212,1
HSCI 100,HSCI 214,0.5
BISC 101,HSCI 214,0.5
HSCI 130,HSCI 214,1
HSCI 100,HSCI 216,0.5
BISC 101,HSCI 216,0.5
HSCI 130,HSCI 230,0.5
MBB 231,HSCI 321,0.5
MBB 231,HSCI 323,1
CHEM 282,HSCI 323,1
BISC 202,HSCI 324,1
MBB 231,HSCI 326,1
HSCI 100,HSCI 333,0.25
BISC 100,HSCI 333,0.25
BISC 101,HSCI 333,0.25
BISC 102,HSCI 333,0.25
MBB 222,HSCI 338,0.5
BISC 303,HSCI 338,1
HSCI 230,HSCI 341,1
STAT 201,HSCI 341,0.33
STAT 203,HSCI 341,0.33
STAT 205,HSCI 341,0.33
HSCI 214,HSCI 402,1
HSCI 230,HSCI 408,0.5
HSCI 330,HSCI 408,0.5
STAT 302,HSCI 410,0.5
STAT 305,HSCI 410,0.5
HSCI 312,HSCI 412,1
HSCI 230,HSCI 424,0.5
HSCI 330,HSCI 424,0.5
STAT 302,HSCI 424,0.5
STAT 305,HSCI 424,0.5
HSCI 230,HSCI 432,0.5
HSCI 330,HSCI 432,0.5
HSCI 321,HSCI 440,1
HSCI 323,HSCI 440,1
BISC 357,HSCI 440,0.33
MBB 308,HSCI 440,0.33
MBB 309W,HSCI 440,0.33
HSCI 338,HSCI 441,1
BISC 303,HSCI 441,0.25
BISC 357,HSCI 441,0.25
MBB 308,HSCI 441,0.25
MBB 309,HSCI 441,0.25
HSCI 326,HSCI 442,0.5
MBB 326,HSCI 442,0.5
BISC 303,HSCI 442,0.25
BISC 357,HSCI 442,0.25
MBB 308,HSCI 442,0.25
MBB 309W,HSCI 442,0.25
HSCI 323,HSCI 474,1
HSCI 321,HSCI 474,0.5
MBB 331,HSCI 474,0.5
HSCI 323,HSCI 475,0.5
HSCI 324,HSCI 475,0.5
MBB 331,HSCI 475,0.5
HSCI 326,HSCI 482,0.33
MBB 326,HSCI 482,0.33
HSCI 338,HSCI 482,0.33
HSCI 490,HSCI 491,1
HSCI 491,HSCI 492,0.33
HSCI 493,HSCI 492,0.33
HSCI 494,HSCI 492,0.33
HSCI 490,HSCI 493,1
HSCI 490,HSCI 494,1
MBB 331,HSCI 775,0.5
BISC 303,HSCI 778,0.25
BISC 330,HSCI 778,0.25
MBB 331,HSCI 778,0.25
HSCI 801,HSCI 804,1
HSCI 801,HSCI 805,1
HSCI 802,HSCI 805,1
HSCI 845,HSCI 846,0.5
HSCI 802,HSCI 849,1
HSCI 901,HSCI 855,1
HSCI 801,HSCI 880,1
HSCI 802,HSCI 880,1
HSCI 803,HSCI 880,1
HSCI 901,HSCI 880,1
HSCI 802,HSCI 885,1
HSCI 821,HSCI 885,1
HSCI 901,HSCI 885,1
HSCI 880,HSCI 897,1
HSCI 900,HSCI 901,1
HSCI 902,HSCI 903,1
HUM 161,HUM 162,0.5
ARCH 100,HUM 313,0.14
ARCH 201,HUM 313,0.14
HUM 110,HUM 313,0.14
HUM 231,HUM 313,0.14
HUM 232,HUM 313,0.14
HUM 277,HUM 313,0.14
ARCH 100,HUM 314,0.14
ARCH 201,HUM 314,0.14
HUM 110,HUM 314,0.14
HUM 231,HUM 314,0.14
HUM 232,HUM 314,0.14
HUM 277,HUM 314,0.14
HUM 101,HUM 480,1
IAT 100,IAT 202,1
IAT 103W,IAT 206W,1
IAT 102,IAT 233,1
IAT 106,IAT 233,1
IAT 102,IAT 235,1
IAT 167,IAT 265,1
MATH 130,IAT 265,0.17
MACM 101,IAT 265,0.17
MATH 150,IAT 265,0.17
MATH 151,IAT 265,0.17
MATH 154,IAT 265,0.17
MATH 157,IAT 265,0.17
IAT 167,IAT 267,1
MATH 130,IAT 267,0.17
MACM 101,IAT 267,0.17
MATH 150,IAT 267,0.17
MATH 151,IAT 267,0.17
MATH 154,IAT 267,0.17
MATH 157,IAT 267,0.17
IAT 271,IAT 272,0.5
WKTM 100,IAT 272,0.5
IAT 206W,IAT 309W,1
IAT 265,IAT 312,1
IAT 235,IAT 334,1
IAT 102,IAT 336,1
IAT 106,IAT 336,1
IAT 235,IAT 339,1
IAT 265,IAT 339,1
IAT 202,IAT 344,1
IAT 201,IAT 351,1
IAT 201,IAT 355,1
IAT 267,IAT 355,1
IAT 265,IAT 355,0.5
CMPT 225,IAT 355,0.5
IAT 265,IAT 359,1
CMPT 120,IAT 360,1
IAT 265,IAT 360,1
IAT 267,IAT 360,1
IAT 272,IAT 373,0.5
WKTM 200,IAT 373,0.5
IAT 373,IAT 374,0.5
WKTM 300,IAT 374,0.5
IAT 374,IAT 375,0.5
WKTM 400,IAT 375,0.5
IAT 334,IAT 432,1
IAT 313,IAT 443,1
IAT 340,IAT 443,1
IAT 344,IAT 443,1
IAT 343,IAT 445,1
IAT 360,IAT 460,1
IAT 355,IAT 461,1
IAT 360,IAT 461,1
IAT 806,IAT 848,1
IAT 801,IAT 848,0.2
IAT 802,IAT 848,0.2
IAT 804,IAT 848,0.2
IAT 834,IAT 848,0.2
SIAT 803,IAT 895,1
SIAT 804,IAT 895,1
SIAT 806,IAT 895,1
SIAT 803,IAT 896,1
SIAT 804,IAT 896,1
SIAT 806,IAT 896,1
INDG 101,INDG 250,1
INDG 101,INDG 332,0.25
FNST 101,INDG 332,0.25
INDG 201,INDG 332,0.25
FNST 201,INDG 332,0.25
INDG 101,INDG 333,0.25
FNST 101,INDG 333,0.25
INDG 201,INDG 333,0.25
FNST 201,INDG 333,0.25
INDG 101,INDG 403,0.25
FNST 101,INDG 403,0.25
INDG 201W,INDG 403,0.25
FNST 201W,INDG 403,0.25
INLG 133,INLG 134,0.5
FNLG 133,INLG 134,0.5
INLG 258,INLG 358,0.25
FNLG 258,INLG 358,0.25
INLG 358,INLG 458,0.25
FNLG 358,INLG 458,0.25
IS 101,IS 300,1
IS 490,IS 499,1
ITAL 201,ITAL 300,0.5
ITAL 300,ITAL 400,0.5
JAPN 200,JAPN 210,0.5
JAPN 201,JAPN 300,0.5
JAPN 300,JAPN 301,0.5
LBST 100,LBST 202,0.33
LBST 101,LBST 202,0.33
LBST 101,LBST 203,0.33
LBST 100,LBST 203,0.33
LBST 100,LBST 301W,0.33
LBST 101,LBST 301W,0.33
LBST 101,LBST 328,0.5
GEOG 221,LBST 328,0.5
LING 220,LING 282W,1
LING 282W,LING 301W,1
LING 282W,LING 309W,1
LING 220,LING 315,1
LING 220,LING 321,1
LING 282W,LING 322,1
LING 220,LING 323,1
LING 220,LING 324,1
LING 282W,LING 330,1
LING 220,LING 350,1
LING 220,LING 360,1
LING 282W,LING 362,1
LING 360,LING 363,1
LING 362,LING 363,1
LING 330,LING 401,1
LING 250,LING 450,0.5
SDA 250,LING 450,0.5
LING 220,LING 491,1
MACM 101,MACM 201,0.5
ENSC 251,MACM 201,0.5
MATH 232,MACM 201,0.25
MATH 240,MACM 201,0.25
CMPT 102,MACM 204,0.2
CMPT 120,MACM 204,0.2
CMPT 126,MACM 204,0.2
CMPT 128,MACM 204,0.2
CMPT 130,MACM 204,0.2
MATH 152,MACM 204,0.33
MATH 155,MACM 204,0.33
MATH 158,MACM 204,0.33
CMPT 307,MACM 401,0.5
MATH 340,MACM 401,0.25
MATH 342,MACM 401,0.25
CMPT 225,MACM 401,0.25
MACM 204,MACM 401,0.25
MATH 260,MACM 416,0.5
MATH 310,MACM 416,0.5
MACM 316,MACM 416,1
CMPT 201,MACM 442,0.25
CMPT 225,MACM 442,0.25
MATH 340,MACM 442,0.17
MATH 332,MACM 442,0.17
MATH 342,MACM 442,0.17
CMPT 405,MACM 442,0.5
HS Pre-Calculus 12,MATH 150,0.5
MATH 100,MATH 150,0.5
HS Pre-Calculus 12,MATH 151,0.5
MATH 100,MATH 151,0.5
MATH 150,MATH 152,0.17
MATH 151,MATH 152,0.17
MATH 155,MATH 152,0.17
MATH 154,MATH 152,0.25
MATH 157,MATH 152,0.25
HS Pre-Calculus 12,MATH 154,0.33
MATH 100,MATH 154,0.33
MATH 110,MATH 154,0.33
MATH 150,MATH 155,0.17
MATH 151,MATH 155,0.17
MATH 154,MATH 155,0.17
MATH 157,MATH 155,0.5
HS Pre-Calculus 12,MATH 157,0.33
MATH 100,MATH 157,0.33
MATH 110,MATH 157,0.33
MATH 150,MATH 158,0.25
MATH 151,MATH 158,0.25
MATH 154,MATH 158,0.25
MATH 157,MATH 158,0.25
MATH 150,MATH 208W,0.25
MATH 151,MATH 208W,0.25
MATH 154,MATH 208W,0.25
MATH 157,MATH 208W,0.25
MATH 152,MATH 242,0.5
MATH 155,MATH 242,0.25
MATH 158,MATH 242,0.25
MATH 240,MATH 252,0.5
MATH 232,MATH 252,0.5
MATH 251,MATH 252,1
MATH 240,MATH 254,0.5
MATH 232,MATH 254,0.5
MATH 251,MATH 254,1
MATH 152,MATH 301,0.33
MATH 155,MATH 301,0.33
MATH 158,MATH 301,0.33
MATH 232,MATH 301,0.5
MATH 240,MATH 301,0.5
MATH 152,MATH 302,0.33
MATH 155,MATH 302,0.33
MATH 158,MATH 302,0.33
MATH 232,MATH 302,0.5
MATH 240,MATH 302,0.5
MATH 150,MATH 308,0.25
MATH 151,MATH 308,0.25
MATH 154,MATH 308,0.25
MATH 157,MATH 308,0.25
MATH 240,MATH 308,0.5
MATH 232,MATH 308,0.5
MATH 232,MATH 309,0.5
MATH 240,MATH 309,0.5
MATH 251,MATH 309,1
MATH 242,MATH 320,1
MATH 251,MATH 320,1
MATH 251,MATH 322,1
MATH 336,MATH 337,1
MATH 240,MATH 340,0.5
MATH 232,MATH 340,0.5
MATH 340,MATH 341,0.33
MATH 342,MATH 341,0.33
MATH 332,MATH 341,0.33
MACM 201,MATH 345,1
STAT 270,MATH 348,1
MATH 232,MATH 348,0.5
MATH 240,MATH 348,0.5
MATH 308,MATH 402W,1
MATH 308,MATH 408,1
MATH 232,MATH 419,0.5
MATH 240,MATH 419,0.5
MATH 314,MATH 419,0.25
MATH 320,MATH 419,0.25
MATH 322,MATH 419,0.25
PHYS 384,MATH 419,0.25
MATH 320,MATH 425,1
MATH 242,MATH 426,1
MATH 348,MATH 426,0.5
STAT 380,MATH 426,0.5
MATH 337,MATH 436,1
MATH 436,MATH 437,1
MATH 340,MATH 440,0.5
MATH 332,MATH 440,0.5
MATH 340,MATH 441,1
MATH 340,MATH 443,1
MATH 343,MATH 443,0.5
MACM 201,MATH 443,0.5
MATH 340,MATH 447,0.5
MATH 332,MATH 447,0.5
MATH 308,MATH 448,1
MATH 242,MATH 450,1
MATH 340,MATH 450,1
MATH 260,MATH 467,0.5
MATH 310,MATH 467,0.5
MATH 360,MATH 468,1
MATH 348,MATH 468,0.5
STAT 380,MATH 468,0.5
MATH 343,MATH 469,0.33
MATH 345,MATH 469,0.33
MATH 360,MATH 469,0.33
MATH 242,MATH 475,0.33
MATH 240,MATH 475,0.33
MATH 232,MATH 475,0.33
STAT 270,MATH 475,1
MATH 437,MATH 486,1
MATH 498,MATH 499W,1
MBB 222,MBB 231,1
BISC 101,MBB 231,1
CHEM 281,MBB 231,1
CHEM 282,MBB 231,0.5
CHEM 283,MBB 231,0.5
MBB 331,MBB 308,1
MBB 231,MBB 309W,1
MBB 231,MBB 321,1
MBB 231,MBB 322,1
MATH 152,MBB 323,0.5
MATH 155,MBB 323,0.5
PHYS 121,MBB 323,0.25
PHYS 102,MBB 323,0.25
PHYS 126,MBB 323,0.25
PHYS 141,MBB 323,0.25
CHEM 122,MBB 323,0.5
CHEM 102,MBB 323,0.5
MBB 222,MBB 323,1
MBB 222,MBB 324,1
MBB 231,MBB 326,1
MBB 231,MBB 328,1
MBB 231,MBB 342,1
BISC 202,MBB 342,1
MBB 110,MBB 342,0.5
MBB 322,MBB 402,0.33
BISC 302W,MBB 402,0.33
BISC 333,MBB 402,0.33
MBB 331,MBB 421,1
MBB 326,MBB 427,0.2
HSCI 326,MBB 427,0.2
MBB 426,MBB 427,0.2
HSCI 426,MBB 427,0.2
MBB 331,MBB 429,1
MBB 322,MBB 430,1
MBB 331,MBB 430,1
MBB 331,MBB 438,1
MBB 321,MBB 443,1
MBB 322,MBB 443,1
MBB 328,MBB 445,1
MBB 326,MBB 445,0.5
HSCI 326,MBB 445,0.5
MBB 326,MBB 448,0.5
HSCI 326,MBB 448,0.5
MBB 322,MBB 448,1
MBB 331,MBB 462,1
MBB 342,MBB 462,1
MBB 331,MBB 463,1
MBB 308,MBB 481,1
MBB 309W,MBB 481,1
MBB 331,MBB 481,1
MBB 482,MBB 481,1
MBB 483,MBB 481,1
MBB 308,MBB 482,1
MBB 309W,MBB 482,1
MBB 331,MBB 482,1
MBB 481,MBB 482,1
MBB 483,MBB 482,1
MBB 308,MBB 483,1
MBB 309W,MBB 483,1
MBB 331,MBB 483,1
MBB 481,MBB 483,1
MBB 482,MBB 483,1
MBB 308,MBB 491,0.5
MBB 309W,MBB 491,0.5
MBB 491,MBB 492,1
MBB 308,MBB 492,1
MBB 309W,MBB 492,1
MBB 331,MBB 492,1
MBB 441,MBB 659,0.25
MBB 741,MBB 659,0.25
CMPT 341,MBB 659,0.25
CMPT 881,MBB 659,0.25
MBB 326,MBB 727,0.2
HSCI 326,MBB 727,0.2
MBB 426,MBB 727,0.2
HSCI 426,MBB 727,0.2
MBB 322,MBB 730,1
BISC 331,MBB 730,0.5
MBB 331,MBB 730,0.5
MBB 331,MBB 741,1
MBB 342,MBB 741,0.5
CMPT 130,MSE 112,1
CMPT 130,MSE 152,1
PHYS 141,MSE 210,1
MATH 150,MSE 210,0.5
MATH 151,MSE 210,0.5
CHEM 120,MSE 220,0.5
CHEM 121,MSE 220,0.5
PHYS 140,MSE 221,1
MATH 152,MSE 221,1
PHYS 140,MSE 222,1
MATH 152,MSE 222,1
MATH 260,MSE 222,0.5
MATH 310,MSE 222,0.5
PHYS 140,MSE 223,1
MATH 251,MSE 223,1
MATH 260,MSE 223,0.5
MATH 310,MSE 223,0.5
MATH 152,MSE 224,1
MSE 103,MSE 224,1
MSE 250,MSE 251,0.33
ENSC 220,MSE 251,0.33
SEE 230,MSE 251,0.33
MSE 250,MSE 280,0.5
ENSC 220,MSE 280,0.5
MATH 260,MSE 280,0.5
MATH 310,MSE 280,0.5
MATH 251,MSE 281,1
MSE 103,MSE 281,1
MSE 250,MSE 281,1
MSE 221,MSE 310,1
MSE 222,MSE 310,1
MSE 251,MSE 310,1
MSE 280,MSE 310,1
MSE 222,MSE 311,0.5
ENSC 282,MSE 311,0.5
MSE 251,MSE 311,0.5
ENSC 226,MSE 311,0.5
MSE 110,MSE 312,0.5
ENSC 182,MSE 312,0.5
MSE 320,MSE 312,0.5
ENSC 382,MSE 312,0.5
MSE 381,MSE 312,0.5
ENSC 383,MSE 312,0.5
MSE 100,MSE 320,0.5
ENSC 104,MSE 320,0.5
MSE 220,MSE 320,0.5
ENSC 231,MSE 320,0.5
MSE 221,MSE 320,0.5
ENSC 281,MSE 320,0.5
MATH 251,MSE 321,1
MSE 223,MSE 321,1
CMPT 130,MSE 352,1
MSE 251,MSE 352,0.5
ENSC 226,MSE 352,0.5
MSE 221,MSE 380,0.33
ENSC 281,MSE 380,0.33
SEE 221,MSE 380,0.33
MSE 222,MSE 380,0.5
ENSC 282,MSE 380,0.5
MSE 280,MSE 380,0.33
ENSC 380,MSE 380,0.33
SEE 341,MSE 380,0.33
MSE 280,MSE 381,0.5
ENSC 380,MSE 381,0.5
MSE 293,MSE 393,0.5
MSE 294,MSE 393,0.5
MSE 293,MSE 394,0.5
MSE 294,MSE 394,0.5
MSE 102,MSE 402,0.25
ENSC 100,MSE 402,0.25
ENSC 106,MSE 402,0.25
CMPT 106,MSE 402,0.25
MSE 352,MSE 413,1
MSE 222,MSE 421,0.5
ENSC 282,MSE 421,0.5
MSE 380,MSE 421,1
MSE 223,MSE 422,0.5
ENSC 283,MSE 422,0.5
MSE 321,MSE 422,0.5
ENSC 388,MSE 422,0.5
MSE 352,MSE 450,1
MSE 381,MSE 450,0.5
ENSC 383,MSE 450,0.5
MSE 310,MSE 460,1
MSE 360,MSE 460,1
MSE 310,MSE 480,0.5
ENSC 387,MSE 480,0.5
MSE 352,MSE 481,0.5
ENSC 252,MSE 481,0.5
MSE 381,MSE 481,0.5
ENSC 383,MSE 481,0.5
MSE 381,MSE 483,0.5
ENSC 383,MSE 483,0.5
MSE 393,MSE 493,0.5
MSE 394,MSE 493,0.5
MSE 393,MSE 494,0.5
MSE 394,MSE 494,0.5
MSE 498,MSE 499,1
MSE 890,MSE 899,1
MSE 923,MSE 924,1
NUSC 341,NUSC 342,0.5
NUSC 341,NUSC 346,1
PHIL 100,PHIL 201,0.1
PHIL 100W,PHIL 201,0.1
PHIL 120,PHIL 201,0.1
PHIL 120W,PHIL 201,0.1
PHIL 121,PHIL 201,0.1
PHIL 144,PHIL 201,0.1
PHIL 150,PHIL 201,0.1
PHIL 151,PHIL 201,0.1
PHIL 300,PHIL 201,0.1
COGS 100,PHIL 201,0.1
PHIL 100,PHIL 203,0.1
PHIL 100W,PHIL 203,0.1
PHIL 120,PHIL 203,0.1
PHIL 120W,PHIL 203,0.1
PHIL 121,PHIL 203,0.1
PHIL 144,PHIL 203,0.1
PHIL 150,PHIL 203,0.1
PHIL 151,PHIL 203,0.1
PHIL 300,PHIL 203,0.1
COGS 100,PHIL 203,0.1
PHIL 100,PHIL 221,0.11
PHIL 100W,PHIL 221,0.11
PHIL 120,PHIL 221,0.11
PHIL 120W,PHIL 221,0.11
PHIL 121,PHIL 221,0.11
PHIL 144,PHIL 221,0.11
PHIL 150,PHIL 221,0.11
PHIL 151,PHIL 221,0.11
PHIL 300,PHIL 221,0.11
PHIL 201,PHIL 302,0.5
PHIL 203,PHIL 302,0.5
PHIL 110,PHIL 310,0.1
PHIL 210,PHIL 310,0.1
PHIL 314,PHIL 310,0.1
PHIL 315,PHIL 310,0.1
MACM 101,PHIL 310,0.1
PHIL 110,PHIL 314,0.17
PHIL 210,PHIL 314,0.17
PHIL 310,PHIL 314,0.17
PHIL 315,PHIL 314,0.17
MACM 101,PHIL 314,0.17
PHIL 110,PHIL 315,0.13
PHIL 210,PHIL 315,0.13
PHIL 310,PHIL 315,0.13
PHIL 314,PHIL 315,0.13
MACM 101,PHIL 315,0.13
BUEC 232,PHIL 315,0.13
BUS 232,PHIL 315,0.13
STAT 270,PHIL 315,0.13
PHIL 120,PHIL 320,0.11
PHIL 120W,PHIL 320,0.11
PHIL 121,PHIL 320,0.11
PHIL 220,PHIL 320,0.11
PHIL 221,PHIL 320,0.11
PHIL 270,PHIL 320,0.11
SDA 270,PHIL 320,0.11
ENV 320W,PHIL 320,0.11
REM 320W,PHIL 320,0.11
PHIL 120,PHIL 321,0.11
PHIL 120W,PHIL 321,0.11
PHIL 121,PHIL 321,0.11
PHIL 220,PHIL 321,0.11
PHIL 221,PHIL 321,0.11
PHIL 270,PHIL 321,0.11
SDA 270,PHIL 321,0.11
ENV 320W,PHIL 321,0.11
REM 320W,PHIL 321,0.11
PHIL 120,PHIL 322,0.09
PHIL 120W,PHIL 322,0.09
PHIL 121,PHIL 322,0.09
PHIL 150,PHIL 322,0.09
PHIL 151,PHIL 322,0.09
PHIL 220,PHIL 322,0.09
PHIL 221,PHIL 322,0.09
PHIL 270,PHIL 322,0.09
SDA 270,PHIL 322,0.09
ENV 320W,PHIL 322,0.09
REM 320W,PHIL 322,0.09
PHIL 120,PHIL 326,0.11
PHIL 120W,PHIL 326,0.11
PHIL 121,PHIL 326,0.11
PHIL 220,PHIL 326,0.11
PHIL 221,PHIL 326,0.11
PHIL 270,PHIL 326,0.11
SDA 270,PHIL 326,0.11
ENV 320W,PHIL 326,0.11
REM 320W,PHIL 326,0.11
PHIL 120,PHIL 329,0.11
PHIL 120W,PHIL 329,0.11
PHIL 121,PHIL 329,0.11
PHIL 220,PHIL 329,0.11
PHIL 221,PHIL 329,0.11
PHIL 270,PHIL 329,0.11
SDA 270,PHIL 329,0.11
ENV 320W,PHIL 329,0.11
REM 320W,PHIL 329,0.11
PHIL 110,PHIL 345W,0.2
PHIL 210,PHIL 345W,0.2
PHIL 314,PHIL 345W,0.2
PHIL 315,PHIL 345W,0.2
MACM 101,PHIL 345W,0.2
PHYS 120,PHYS 121,0.17
PHYS 125,PHYS 121,0.17
PHYS 140,PHYS 121,0.17
PHYS 101,PHYS 121,0.5
MATH 152,PHYS 121,0.5
MATH 155,PHYS 121,0.5
MATH 151,PHYS 125,1
PHYS 125,PHYS 126,0.5
MATH 152,PHYS 126,1
PHYS 101,PHYS 132,0.33
PHYS 120,PHYS 132,0.33
PHYS 125,PHYS 132,0.33
MATH 251,PHYS 211,1
MATH 232,PHYS 211,0.5
MATH 240,PHYS 211,0.5
PHYS 255,PHYS 211,0.5
ENSC 380,PHYS 211,0.5
PHYS 233,PHYS 234,1
PHYS 255,PHYS 234,1
PHYS 126,PHYS 255,0.17
PHYS 121,PHYS 255,0.17
PHYS 141,PHYS 255,0.17
PHYS 102,PHYS 255,0.5
MATH 251,PHYS 255,1
MATH 232,PHYS 255,0.5
MATH 240,PHYS 255,0.5
MATH 232,PHYS 285,0.5
MATH 240,PHYS 285,0.5
PHYS 234,PHYS 326,1
PHYS 233,PHYS 332W,1
PHYS 285,PHYS 332W,0.5
CHEM 260,PHYS 332W,0.5
CHEM 122,PHYS 347,1
MATH 152,PHYS 347,0.5
MATH 155,PHYS 347,0.5
PHYS 102,PHYS 347,0.25
PHYS 121,PHYS 347,0.25
PHYS 126,PHYS 347,0.25
PHYS 141,PHYS 347,0.25
PHYS 285,PHYS 365,0.5
PHYS 321,PHYS 365,0.5
MATH 252,PHYS 384,0.5
MATH 254,PHYS 384,0.5
MATH 260,PHYS 384,0.5
MATH 310,PHYS 384,0.5
PHYS 211,PHYS 384,1
PHYS 255,PHYS 384,0.5
ENSC 320,PHYS 384,0.5
MATH 251,PHYS 385,1
MATH 260,PHYS 385,1
PHYS 255,PHYS 385,0.5
ENSC 380,PHYS 385,0.5
PHYS 285,PHYS 385,0.5
CHEM 260,PHYS 385,0.5
PHYS 211,PHYS 390,1
CHEM 120,PHYS 390,0.5
CHEM 121,PHYS 390,0.5
PHYS 385,PHYS 415,1
PHYS 384,PHYS 415,0.5
MATH 314,PHYS 415,0.5
PHYS 436,PHYS 437,1
PHYS 321,PHYS 455,1
PHYS 385,PHYS 455,1
PHYS 385,PHYS 465,0.5
CHEM 364,PHYS 465,0.5
PHYS 384,PHYS 484,0.5
PHYS 313,PHYS 490,1
PHYS 384,PHYS 490,1
PHYS 810,PHYS 812,1
PHYS 384,PHYS 813,0.5
PHYS 231,PHYS 833,0.5
MBB 309W,PHYS 833,0.5
PHYS 347,PHYS 833,0.25
PHYS 344,PHYS 833,0.25
MBB 323,PHYS 833,0.25
CHEM 360,PHYS 833,0.25
PHYS 445,PHYS 841,1
PLAN 100,PLAN 300,0.5
PLAN 200,PLAN 300,0.5
PLAN 100,PLAN 302,0.5
PLAN 200,PLAN 302,0.5
PLAN 300,PLAN 302,0.33
PLAN 319,PLAN 302,0.33
REM 319,PLAN 302,0.33
PLAN 100,PLAN 400,0.5
PLAN 200,PLAN 400,0.5
PLAN 302,PLAN 402,1
PLAN 100,PLAN 404,0.5
PLAN 200,PLAN 404,0.5
REM 207,PLAN 404,0.5
PLAN 100,PLAN 406,0.5
PLAN 200,PLAN 406,0.5
PLAN 100,PLAN 408,0.5
PLAN 200,PLAN 408,0.5
PLAN 100,PLAN 443,0.5
PLAN 200,PLAN 443,0.5
PLCY 300,PLCY 400,1
PLCY 200,PLCY 401,1
PLCY 300,PLCY 401,1
PLCY 800,PLCY 807,0.25
MPP 800,PLCY 807,0.25
PLCY 802,PLCY 835,1
PLCY 804,PLCY 835,1
PLCY 806,PLCY 835,1
PLCY 807,PLCY 835,1
POL 200W,POL 201,0.5
POL 100,POL 210,0.5
POL 100,POL 221,0.33
POL 151,POL 221,0.33
POL 100,POL 222,0.33
POL 151,POL 222,0.33
POL 201,POL 315,0.5
POL 210,POL 316,0.5
POL 141,POL 348,1
POL 201,POL 390,0.33
ECON 233,POL 390,0.33
STAT 203,POL 390,0.33
POL 210,POL 411,0.25
POL 312,POL 411,0.25
POL 313,POL 411,0.25
POL 800,POL 804,1
PSYC 100,PSYC 201W,0.5
PSYC 102,PSYC 201W,0.5
PSYC 100,PSYC 221,1
PSYC 102,PSYC 241,1
PSYC 102,PSYC 250,1
PSYC 102,PSYC 260,1
PSYC 102,PSYC 268,1
PSYC 100,PSYC 280,1
PSYC 201W,PSYC 300W,1
PSYC 201,PSYC 301,1
PSYC 210,PSYC 301,1
PSYC 201,PSYC 303,1
PSYC 221,PSYC 303,0.5
PSYC 335,PSYC 303,0.5
PSYC 201,PSYC 308,1
PSYC 201W,PSYC 325,1
PSYC 280,PSYC 325,1
PSYC 201,PSYC 330,1
PSYC 221,PSYC 330,1
PSYC 201,PSYC 352,1
PSYC 250,PSYC 352,1
PSYC 201,PSYC 354,1
PSYC 250,PSYC 354,1
PSYC 201,PSYC 355,1
PSYC 250,PSYC 355,1
PSYC 201,PSYC 356,1
PSYC 241,PSYC 356,1
PSYC 250,PSYC 356,1
PSYC 201,PSYC 357,1
PSYC 250,PSYC 357,0.5
PSYC 201,PSYC 358,1
PSYC 250,PSYC 358,1
PSYC 201,PSYC 359,1
PSYC 250,PSYC 359,0.5
PSYC 241,PSYC 359,0.5
PSYC 201,PSYC 361,1
PSYC 260,PSYC 361,1
PSYC 201,PSYC 362,1
PSYC 260,PSYC 362,1
PSYC 201,PSYC 363,1
PSYC 260,PSYC 363,1
PSYC 201,PSYC 364,1
PSYC 260,PSYC 364,1
PSYC 201,PSYC 365,1
PSYC 201,PSYC 366,1
PSYC 260,PSYC 366,1
PSYC 201,PSYC 367,1
PSYC 260,PSYC 367,1
PSYC 362,PSYC 367,1
PSYC 201,PSYC 370,1
PSYC 201,PSYC 371,1
PSYC 241,PSYC 371,1
PSYC 201W,PSYC 376,1
PSYC 268,PSYC 376,1
PSYC 201,PSYC 379,1
PSYC 268,PSYC 379,1
PSYC 201,PSYC 381,1
PSYC 280,PSYC 381,1
PSYC 201,PSYC 382,1
PSYC 221,PSYC 382,1
PSYC 280,PSYC 382,1
PSYC 201,PSYC 383,1
PSYC 280,PSYC 383,1
PSYC 201,PSYC 386,1
PSYC 280,PSYC 386,1
PSYC 201,PSYC 388,1
PSYC 280,PSYC 388,1
PSYC 201,PSYC 393,1
PSYC 201,PSYC 410,1
PSYC 210,PSYC 410,1
PSYC 301,PSYC 410,1
PSYC 201,PSYC 411,1
PSYC 210,PSYC 411,1
PSYC 301,PSYC 411,1
PSYC 301,PSYC 457,1
PSYC 457,PSYC 459,1
PSYC 300,PSYC 490,1
PSYC 301,PSYC 490,1
PSYC 201,PSYC 493,1
PSYC 210,PSYC 493,1
PSYC 201,PSYC 494,1
PSYC 210,PSYC 494,1
PSYC 201,PSYC 495,1
PSYC 210,PSYC 495,1
PSYC 490,PSYC 499,1
PSYC 820B,PSYC 807E,0.5
PSYC 821B,PSYC 807E,0.5
PSYC 822,PSYC 807E,0.5
PSYC 823,PSYC 807E,0.5
PSYC 824,PSYC 807E,0.5
PSYC 790,PSYC 815,1
PSYC 820,PSYC 830,0.5
PSYC 820A,PSYC 830,0.5
PSYC 820B,PSYC 830,0.5
PSYC 820,PSYC 831,0.5
PSYC 820A,PSYC 831,0.5
PSYC 820B,PSYC 831,0.5
PSYC 830,PSYC 831,1
PSYC 790,PSYC 836,1
PSYC 815,PSYC 836,1
PSYC 744,PSYC 880,1
PSYC 820B,PSYC 880,1
PSYC 821B,PSYC 880,1
PSYC 910,PSYC 880,1
PSYC 911,PSYC 880,1
PSYC 790,PSYC 890,0.5
PSYC 791,PSYC 890,0.5
PSYC 836,PSYC 890,1
PSYC 790,PSYC 892,0.5
PSYC 791,PSYC 892,0.5
PSYC 790,PSYC 897,0.5
PSYC 791,PSYC 897,0.5
PSYC 790,PSYC 990,0.5
PSYC 791,PSYC 990,0.5
PUB 131,PUB 231,1
PUB 231,PUB 331,1
PUB 231,PUB 332,1
PUB 331,PUB 431,0.5
PUB 332,PUB 431,0.5
PUB 231,PUB 438,1
PUB 890,PUB 891,1
PUB 600,PUB 899,1
PUB 800,PUB 899,1
PUB 801,PUB 899,1
PUB 802,PUB 899,1
PUB 890,PUB 899,1
PUB 891,PUB 899,1
PUB 600,PUB 900,1
PUB 800,PUB 900,1
PUB 801,PUB 900,1
PUB 802,PUB 900,1
PUB 890,PUB 900,1
PUB 891,PUB 900,1
PUB 600,PUB 901,1
PUB 800,PUB 901,1
PUB 801,PUB 901,1
PUB 802,PUB 901,1
PUB 890,PUB 901,1
PUB 891,PUB 901,1
REM 100,REM 200,0.25
GEOG 100,REM 200,0.25
GEOG 111,REM 200,0.25
EVSC 100,REM 200,0.25
REM 100,REM 202W,0.25
GEOG 100,REM 202W,0.25
GEOG 111,REM 202W,0.25
EVSC 100,REM 202W,0.25
REM 100,REM 221,0.25
GEOG 100,REM 221,0.25
GEOG 111,REM 221,0.25
EVSC 100,REM 221,0.25
REM 100,REM 356W,0.25
GEOG 100,REM 356W,0.25
GEOG 111,REM 356W,0.25
EVSC 100,REM 356W,0.25
REM 207,REM 407,0.33
ARCH 286,REM 407,0.33
INDG any,REM 407,0.33
REM 100,REM 412,0.5
EVSC 100,REM 412,0.5
BISC 204,REM 412,0.33
GEOG 215,REM 412,0.33
REM 211,REM 412,0.33
STAT 201,REM 412,0.2
STAT 203,REM 412,0.2
STAT 205,REM 412,0.2
GEOG 251,REM 412,0.2
MATH 151,REM 445,0.33
MATH 154,REM 445,0.33
MATH 157,REM 445,0.33
STAT 201,REM 445,0.25
STAT 203,REM 445,0.25
STAT 205,REM 445,0.25
GEOG 251,REM 445,0.25
REM 100,REM 446,0.5
REM 200,REM 446,0.5
REM 100,REM 471,0.2
GEOG 100,REM 471,0.2
GEOG 111,REM 471,0.2
EVSC 100,REM 471,0.2
BISC 102,REM 471,0.2
REM 611,REM 612,0.5
HS BC Mathematics 12,RISK 231,0.5
RISK 101,RISK 311,0.25
ACMA 101,RISK 311,0.25
RISK 102,RISK 311,0.5
RISK 201,RISK 311,0.5
ACMA 201,RISK 311,0.5
RISK 231,RISK 311,0.5
ACMA 231,RISK 311,0.5
STAT 270,RISK 311,1
RISK 336,RISK 337,0.33
ACMA 336,RISK 337,0.33
RISK 311,RISK 412,0.5
ACMA 301,RISK 412,0.5
RISK 441,RISK 412,0.5
ACMA 340,RISK 412,0.5
RISK 436,RISK 437,0.33
ACMA 436,RISK 437,0.33
SA 150,SA 250,1
SA 101,SA 255,0.5
SA 150,SA 255,0.5
SA 101,SA 257,0.5
SA 150,SA 257,0.5
SA 101,SA 301,1
SA 101,SA 301W,1
SA 101,SA 304,0.33
SA 150,SA 304,0.33
SA 201W,SA 304,0.33
SA 101,SA 317,0.33
SA 150,SA 317,0.33
SA 201W,SA 317,0.33
SA 101,SA 318,0.33
SA 150,SA 318,0.33
SA 201W,SA 318,0.33
SA 101,SA 322,0.33
SA 150,SA 322,0.33
SA 201W,SA 322,0.33
SA 101,SA 325,0.33
SA 150,SA 325,0.33
SA 201W,SA 325,0.33
SA 101,SA 326,0.33
SA 150,SA 326,0.33
SA 201W,SA 326,0.33
SA 101,SA 327,0.33
SA 150,SA 327,0.33
SA 201W,SA 327,0.33
SA 101,SA 331,0.33
SA 150,SA 331,0.33
SA 201W,SA 331,0.33
SA 101,SA 335,0.33
SA 150,SA 335,0.33
SA 201W,SA 335,0.33
SA 101,SA 340,0.33
SA 150,SA 340,0.33
SA 201W,SA 340,0.33
SA 101,SA 345,0.33
SA 150,SA 345,0.33
SA 201W,SA 345,0.33
SA 250,SA 350,1
SA 150,SA 351,1
SA 101,SA 352,0.5
SA 150,SA 352,0.5
SA 150,SA 353,1
SA 255,SA 355,1
SA 101,SA 356W,1
SA 101,SA 359,0.33
SA 150,SA 359,0.33
SA 201W,SA 359,0.33
SA 101,SA 360,0.33
SA 150,SA 360,0.33
SA 201W,SA 360,0.33
SA 101,SA 362,0.33
SA 150,SA 362,0.33
SA 201W,SA 362,0.33
SA 101,SA 363,0.33
SA 150,SA 363,0.33
SA 201W,SA 363,0.33
SA 101,SA 364,0.33
SA 150,SA 364,0.33
SA 201W,SA 364,0.33
SA 101,SA 365,0.33
SA 150,SA 365,0.33
SA 201W,SA 365,0.33
SA 101,SA 366,0.33
SA 150,SA 366,0.33
SA 201W,SA 366,0.33
SA 101,SA 368,0.33
SA 201W,SA 368,0.33
SA 150,SA 368,0.33
SA 101,SA 375,0.33
SA 150,SA 375,0.33
SA 201W,SA 375,0.33
SA 101,SA 388,0.33
SA 150,SA 388,0.33
SA 201W,SA 388,0.33
SA 101,SA 418,0.33
SA 150,SA 418,0.33
SA 201W,SA 418,0.33
SA 101,SA 442,0.5
SA 150,SA 442,0.5
SA 101,SA 443,0.5
SA 150,SA 443,0.5
SA 350,SA 450,1
PLAN 100,SD 381,0.25
PLAN 200,SD 381,0.25
REM 100,SD 381,0.25
SD 281,SD 381,0.25
SD 281,SD 401,1
PLAN 100,SD 481,0.25
PLAN 200,SD 481,0.25
REM 100,SD 481,0.25
SD 281,SD 481,0.25
SEE 110,SEE 111,1
MSE 103,SEE 221,0.5
PHYS 140,SEE 221,0.5
MATH 152,SEE 221,1
PHYS 140,SEE 222,1
CHEM 121,SEE 222,0.5
CHEM 122,SEE 222,0.5
CHEM 126,SEE 222,0.5
MATH 251,SEE 224,1
PHYS 140,SEE 225,1
MATH 251,SEE 225,1
MATH 260,SEE 225,0.5
MATH 310,SEE 225,0.5
PHYS 141,SEE 230,1
MATH 232,SEE 230,1
MATH 260,SEE 230,0.5
MATH 310,SEE 230,0.5
SEE 230,SEE 231,1
PHYS 141,SEE 241,1
MATH 232,SEE 241,1
MATH 251,SEE 241,1
MATH 152,SEE 242,1
MATH 232,SEE 242,1
SEE 230,SEE 251,1
SEE 221,SEE 251,1
MATH 260,SEE 251,0.5
MATH 310,SEE 251,0.5
SEE 111,SEE 310,1
SEE 224,SEE 310,1
SEE 242,SEE 310,1
SEE 251,SEE 310,1
PHYS 141,SEE 324,1
SEE 224,SEE 324,1
SEE 225,SEE 324,1
SEE 100,SEE 325,1
SEE 221,SEE 325,1
SEE 324,SEE 325,1
SEE 231,SEE 331,1
SEE 251,SEE 331,1
SEE 251,SEE 332,1
SEE 331,SEE 332,1
SEE 341,SEE 333,1
SEE 242,SEE 341,1
SEE 230,SEE 341,1
SEE 341,SEE 342,1
SEE 222,SEE 352,1
SEE 224,SEE 352,1
SEE 222,SEE 354,1
SEE 331,SEE 354,1
SEE 324,SEE 354,1
SEE 290,SEE 390,0.5
SEE 294,SEE 390,0.5
SEE 290,SEE 394,0.5
SEE 294,SEE 394,0.5
SEE 100,SEE 460,1
SEE 221,SEE 460,1
SEE 222,SEE 460,1
CMPT 130,SEE 463,1
SEE 231,SEE 463,1
SEE 251,SEE 466,1
SEE 390,SEE 490,0.5
SEE 394,SEE 490,0.5
SEE 390,SEE 494,0.5
SEE 394,SEE 494,0.5
SEE 498,SEE 499,1
SEE 896,SEE 820,0.5
SEE 897,SEE 820,0.5
SEE 896,SEE 850,0.5
SEE 897,SEE 850,0.5
SEE 897,SEE 890,1
SEE 896,SEE 891,0.5
SEE 897,SEE 891,0.5
SEE 896,SEE 893,0.5
SEE 897,SEE 893,0.5
SEE 896,SEE 894,0.5
SEE 897,SEE 894,0.5
SEE 896,SEE 895,0.5
SEE 897,SEE 895,0.5
SEE 896,SEE 898,1
SPAN 110,SPAN 200,0.5
SPAN 103,SPAN 200,0.5
SPAN 202,SPAN 301,1
STAT 201,STAT 260,0.13
STAT 203,STAT 260,0.13
STAT 205,STAT 260,0.13
STAT 270,STAT 260,0.13
BUS 232,STAT 260,0.13
ECON 233,STAT 260,0.13
POL 201,STAT 260,0.13
STAT 201,STAT 261,0.13
STAT 203,STAT 261,0.13
STAT 205,STAT 261,0.13
STAT 270,STAT 261,0.13
BUS 232,STAT 261,0.13
ECON 233,STAT 261,0.13
POL 201,STAT 261,0.13
STAT 260,STAT 261,1
CMPT 210,STAT 271,1
STAT 270,STAT 285,1
MATH 152,STAT 285,0.33
MATH 155,STAT 285,0.33
MATH 158,STAT 285,0.33
STAT 350,STAT 300W,0.5
STAT 201,STAT 302,0.17
STAT 203,STAT 302,0.17
STAT 205,STAT 302,0.17
STAT 270,STAT 302,0.17
BUS 232,STAT 302,0.17
ECON 233,STAT 302,0.17
STAT 201,STAT 305,0.17
STAT 203,STAT 305,0.17
STAT 205,STAT 305,0.17
STAT 270,STAT 305,0.17
BUS 232,STAT 305,0.17
ECON 233,STAT 305,0.17
STAT 285,STAT 330,1
MATH 251,STAT 330,1
MATH 232,STAT 330,0.5
MATH 240,STAT 330,0.5
STAT 336,STAT 337,0.5
STAT 285,STAT 342,0.25
STAT 302,STAT 342,0.25
STAT 305,STAT 342,0.25
ECON 333,STAT 342,0.25
STAT 260,STAT 350,1
STAT 285,STAT 350,1
MATH 251,STAT 350,1
MATH 232,STAT 350,0.5
MATH 240,STAT 350,0.5
STAT 330,STAT 380,0.5
STAT 285,STAT 380,0.5
MATH 208W,STAT 380,0.5
MATH 251,STAT 380,0.5
STAT 260,STAT 403,1
STAT 302,STAT 403,0.25
STAT 305,STAT 403,0.25
STAT 350,STAT 403,0.25
ECON 333,STAT 403,0.25
STAT 350,STAT 410,1
STAT 350,STAT 430,1
STAT 337,STAT 436,0.5
STAT 436,STAT 437,0.5
STAT 437,STAT 438,0.5
STAT 260,STAT 445,1
STAT 285,STAT 445,0.2
STAT 302,STAT 445,0.2
STAT 305,STAT 445,0.2
ECON 333,STAT 445,0.2
STAT 330,STAT 450,1
STAT 330,STAT 460,1
STAT 350,STAT 460,1
STAT 260,STAT 475,1
STAT 302,STAT 475,0.2
STAT 305,STAT 475,0.2
STAT 350,STAT 475,0.2
ECON 333,STAT 475,0.2
STAT 260,STAT 485,1
STAT 285,STAT 485,0.25
STAT 302,STAT 485,0.25
STAT 305,STAT 485,0.25
ECON 333,STAT 485,0.25
STAT 302,STAT 645,0.14
STAT 305,STAT 645,0.14
STAT 350,STAT 645,0.14
STAT 604,STAT 645,0.14
STAT 605,STAT 645,0.14
ECON 333,STAT 645,0.14
STAT 302,STAT 652,0.17
STAT 305,STAT 652,0.17
STAT 350,STAT 652,0.17
STAT 604,STAT 652,0.17
STAT 605,STAT 652,0.17
ECON 333,STAT 652,0.17
STAT 450,STAT 830,0.5
STAT 830,STAT 831,0.5
STAT 450,STAT 840,0.5
STAT 350,STAT 850,1
STAT 830,STAT 851,1
STAT 850,STAT 851,0.5
STAT 830,STAT 852,1
STAT 853,STAT 852,0.5
STAT 450,STAT 854,0.5
STAT 450,STAT 856,0.5
HS Biology 12,BISC 102,0.2
BISC 100,BISC 102,0.2
BISC 113,BISC 102,0.2
BPK 105,BISC 102,0.2
HSCI 100,BISC 102,0.2
BISC 101,BISC 212,0.25
BISC 102,BISC 212,0.25
BISC 102,BISC 410,1
BISC 204,BISC 410,0.5
GEOG 215,BISC 410,0.5
MBB 322,BISC 447,0.5
BISC 333,BISC 447,0.5
HS Grade 12 Anatomy and Physiology,BPK 142,0.13
HS Grade 12 Biology,BPK 142,0.13
HS Grade 12 Chemistry,BPK 142,0.13
HS Grade 12 Physics,BPK 142,0.13
BPK 105,BPK 142,0.08
BPK 110,BPK 142,0.08
BPK 143,BPK 142,0.08
BISC 100,BPK 142,0.08
BISC 113,BPK 142,0.08
HSCI 100,BPK 142,0.08
BPK 180W,BPK 482,1
BPK 201,BPK 482,1
BPK 326,BPK 482,1
BPK 381,BPK 482,1
BPK 481,BPK 482,1
BPK 491,BPK 499,1
BPK 495,BPK 499,1
BUS 232,BUS 373,1
ECON 233,BUS 373,1
STAT 270,BUS 373,0.5
STAT 271,BUS 373,0.5
BUS 315,BUS 417,1
BUS 360W,BUS 417,1
BUS 336,BUS 437,0.5
BUS 360W,BUS 437,0.5
BUS 343,BUS 445,0.5
BUS 336,BUS 445,0.5
BUS 360W,BUS 445,0.5
BUS 254,BUS 455,1
BUS 345,BUS 455,1
BUS 347,BUS 455,1
BUS 360W,BUS 455,1
BUS 343,BUS 446,1
BUS 347,BUS 446,1
BUS 360W,BUS 446,1
BUS 790,BUS 797,1
BUS 791,BUS 797,1
BUS 792,BUS 797,1
BUS 793,BUS 797,1
BUS 796,BUS 797,1
CA 129,CA 122,1
CA 145,CA 146,1
CA 144,CA 146,1
CA 131,CA 233,1
CA 230,CA 233,1
CA 140,CA 247,0.25
CA 144,CA 247,0.25
CA 146,CA 247,0.25
CA 160,CA 262,1
CA 160,CA 264,1
CA 160,CA 269,0.5
FPA 160,CA 269,0.5
CA 174,CA 276,1
CA 170,CA 276,0.5
CA 304,CA 306,1
CA 304,CA 307,1
CA 117,CA 314,0.25
FPA 117,CA 314,0.25
CA 167,CA 314,0.25
FPA 167,CA 314,0.25
CA 186,CA 314,1
CA 210W,CA 314,0.5
CA 210,CA 314,0.5
CA 221,CA 329,0.33
FPA 221,CA 329,0.33
CA 252,CA 350,0.5
MATH 150,BPK 201,1
MATH 151,BPK 201,0.5
MATH 154,BPK 201,0.5
MATH 152,BPK 201,0.5
MATH 155,BPK 201,0.5
PHYS 101,BPK 201,0.25
PHYS 120,BPK 201,0.25
PHYS 125,BPK 201,0.25
PHYS 140,BPK 201,0.25
BPK 142,BPK 201,1
CA 322,CA 323,0.25
FPA 322,CA 323,0.25
CA 366,CA 367,0.5
FPA 366,CA 367,0.5
CA 361,CA 367,1
CA 160,CA 369,0.5
FPA 160,CA 369,0.5
CA 160,CA 364,1
CA 270,CA 374,0.25
FPA 270,CA 374,0.25
CA 390,CA 393,0.25
FPA 390,CA 393,0.25
CA 370,CA 471,0.25
FPA 370,CA 471,0.25
CA 371,CA 471,0.25
FPA 371,CA 471,0.25
HS 12,CHEM 125,0.5
CHEM 109,CHEM 125,0.25
CHEM 111,CHEM 125,0.25
CHEM 120,CHEM 125,1
CHEM 121,CHEM 281,1
CHEM 122,CHEM 281,1
CHEM 120,CHEM 285,0.5
CHEM 125,CHEM 285,0.5
CHEM 121,CHEM 285,0.5
CHEM 122,CHEM 285,1
CHEM 280,CHEM 285,1
CHEM 260,CHEM 360,1
CHEM 282,CHEM 380,0.17
CHEM 283,CHEM 380,0.17
CHEM 284,CHEM 380,0.17
CHEM 286,CHEM 380,0.5
CHEM 406,CHEM 407,1
CHIN 110,CHIN 200,0.5
CHIN 101,CHIN 200,0.5
CHIN 330,CHIN 460,0.5
CHIN 390,CHIN 460,0.5
CA 270,CA 375,0.25
FPA 270,CA 375,0.25
CA 427,CA 428,0.25
FPA 427,CA 428,0.25
CMPT 120,CMPT 125,0.5
CMPT 130,CMPT 125,0.5
CMPT 225,CMPT 310,1
STAT 271,CMPT 310,1
CMPT 125,CMPT 340,0.2
CMPT 126,CMPT 340,0.2
CMPT 128,CMPT 340,0.2
CMPT 135,CMPT 340,0.2
CMPT 102,CMPT 340,0.2
MACM 201,CMPT 404,0.5
CMPT 210,CMPT 404,0.5
CMPT 201,CMPT 433,0.5
CMPT 300,CMPT 433,0.5
CMPT 295,CMPT 433,1
CMPT 201,CMPT 454,0.5
CMPT 300,CMPT 454,0.5
CMPT 354,CMPT 454,1
COGS 490,COGS 491,0.5
CRIM 101,CRIM 321,1
CRIM 120,CRIM 321,0.5
CRIM 220,CRIM 321,0.5
CRIM 320,CRIM 321,1
CRIM 101,CRIM 358,1
CRIM 101,CRIM 429,0.25
FNST 101,CRIM 429,0.25
FNST 201,CRIM 429,0.25
CRIM 320,CRIM 486,1
CRIM 321,CRIM 486,1
CRIM 485,CRIM 486,1
CRIM 488,CRIM 486,1
COGS 100,COGS 310,0.5
COGS 200,COGS 310,0.5
CRIM 485,CRIM 488,1
CRIM 486,CRIM 488,1
EASC 304,EASC 405,0.5
GEOG 311,EASC 405,0.5
ECON 103,ECON 331,1
ECON 105,ECON 331,1
MATH 150,ECON 331,0.25
MATH 151,ECON 331,0.25
MATH 154,ECON 331,0.25
MATH 157,ECON 331,0.25
ECON 302,ECON 402,1
ECON 331,ECON 402,0.5
MATH 232,ECON 402,0.5
MATH 251,ECON 402,0.5
ECON 302,ECON 403,1
ECON 305,ECON 403,1
ECON 331,ECON 403,0.5
MATH 232,ECON 403,0.5
MATH 251,ECON 403,0.5
ECON 201,ECON 435,1
ECON 333,ECON 435,0.5
BUEC 333,ECON 435,0.5
ECON 201,ECON 498,1
ECON 305,ECON 498,1
ECON 835,ECON 837,1
EASC 304,EASC 613,1
ECON 302,ECON 436,0.5
ECON 305,ECON 436,0.5
ECON 751,ECON 752,1
ECON 807,ECON 808,1
ECON 802,ECON 832,0.33
ECON 807,ECON 832,0.17
ECON 808,ECON 832,0.17
EDUC 452,EDUC 493,1
EDUC 801,EDUC 802,1
HIST 101,HIST 373,0.17
HIST 104,HIST 373,0.17
HIST 212,HIST 373,0.17
HIST 151,HIST 467,0.17
HIST 249,HIST 467,0.17
HIST 350,HIST 467,0.17
HIST 354,HIST 467,0.17
HIST 355,HIST 467,0.17
HSCI 350,HSCI 351,1
HSCI 230,HSCI 403,0.5
HSCI 330,HSCI 403,0.5
STAT 302,HSCI 416,0.5
STAT 305,HSCI 416,0.5
HSCI 207,HSCI 416,0.25
HSCI 307,HSCI 416,0.25
HSCI 230,HSCI 416,0.25
HSCI 330,HSCI 416,0.25
MBB 326,HSCI 427,0.33
HSCI 326,HSCI 427,0.33
HSCI 212,HSCI 431,0.33
HSCI 230,HSCI 431,0.33
HSCI 330,HSCI 431,0.33
HSCI 450,HSCI 451,1
HSCI 323,HSCI 476,0.5
MBB 331,HSCI 476,0.5
MBB 331,HSCI 478,0.17
HSCI 326,HSCI 478,0.17
MBB 326,HSCI 478,0.17
HSCI 338,HSCI 478,0.5
HSCI 230,HSCI 484,0.5
HSCI 330,HSCI 484,0.5
STAT 302,HSCI 484,0.5
STAT 305,HSCI 484,0.5
HSCI 160,HSCI 496,1
HSCI 230,HSCI 496,0.5
HSCI 330,HSCI 496,0.5
MBB 426,HSCI 727,0.25
HSCI 426,HSCI 727,0.25
IAT 102,IAT 238,1
IAT 267,IAT 320,1
IAT 222,IAT 320,1
MATH 130,IAT 343,0.17
MACM 101,IAT 343,0.17
MATH 150,IAT 343,0.17
MATH 151,IAT 343,0.17
MATH 154,IAT 343,0.17
MATH 157,IAT 343,0.17
IAT 265,IAT 410,1
IAT 312,IAT 410,1
INDG 101,INDG 232,0.25
FNST 101,INDG 232,0.25
INDG 201W,INDG 232,0.25
FNST 201W,INDG 232,0.25
INDG 101,INDG 310,1
INDG 101,INDG 325,0.25
FNST 101,INDG 325,0.25
INDG 201W,INDG 325,0.25
FNST 201W,INDG 325,0.25
INDG 101,INDG 326,0.25
FNST 101,INDG 326,0.25
INDG 201W,INDG 326,0.25
FNST 201W,INDG 326,0.25
INDG 101,INDG 401,0.25
FNST 101,INDG 401,0.25
INDG 201W,INDG 401,0.13
FNST 201W,INDG 401,0.13
INDG 250,INDG 401,0.13
FNST 250,INDG 401,0.13
INDG 101,INDG 402W,0.25
FNST 101,INDG 402W,0.25
INDG 201W,INDG 402W,0.25
FNST 201W,INDG 402W,0.25
INDG 101,INDG 419,0.08
FNST 101,INDG 419,0.08
INDG 201W,INDG 419,0.08
FNST 201W,INDG 419,0.08
CRIM 101,INDG 419,0.33
INDG 101,INDG 429,0.08
FNST 101,INDG 429,0.08
INDG 201W,INDG 429,0.08
FNST 201W,INDG 429,0.08
CRIM 101,INDG 429,0.33
INLG 130,INLG 335,0.25
FNLG 130,INLG 335,0.25
INLG 133,INLG 335,0.25
FNLG 133,INLG 335,0.25
INLG 233,INLG 335,0.25
FNLG 233,INLG 335,0.25
ITAL 100,ITAL 110,1
ITAL 110,ITAL 200,0.5
ITAL 101,ITAL 200,0.5
ITAL 200,ITAL 210,1
JAPN 110,JAPN 200,0.5
JAPN 101,JAPN 200,0.5
LBST 100,LBST 305,0.5
HS Pre-Calculus 12,MATH 130,0.25
HS Foundations of Mathematics 12,MATH 130,0.25
MATH 100,MATH 130,0.5
MATH 150,MATH 232,0.17
MATH 151,MATH 232,0.17
MACM 101,MATH 232,0.17
MATH 154,MATH 232,0.25
MATH 157,MATH 232,0.25
MATH 150,MATH 240,0.17
MATH 151,MATH 240,0.17
MACM 101,MATH 240,0.17
MATH 154,MATH 240,0.25
MATH 157,MATH 240,0.25
MACM 201,MATH 343,1
MATH 876,MATH 875,1
MATH 875,MATH 876,1
MBB 231,MBB 331,1
BISC 202,MBB 331,1
MBB 308,MBB 432,0.5
MBB 331,MBB 432,0.5
MBB 322,MBB 446,0.5
MBB 331,MBB 446,0.5
MBB 322,MBB 447,0.5
BISC 333,MBB 447,0.5
MBB 331,MBB 465,0.5
MBB 342,MBB 465,0.5
HSCI 326,MBB 478,0.17
MBB 326,MBB 478,0.17
MBB 331,MBB 478,0.17
HSCI 338,MBB 478,0.5
MBB 331,MBB 738,0.5
BISC 331,MBB 738,0.5
BISC 331,MBB 821,0.5
MBB 331,MBB 821,0.5
BISC 331,MBB 861,0.5
MBB 331,MBB 861,0.5
MSE 300,MSE 405W,1
MATH 232,MSE 426,1
MATH 251,MSE 426,1
MSE 320,MSE 426,0.5
ENSC 382,MSE 426,0.5
MATH 150,NUSC 341,0.25
MATH 151,NUSC 341,0.25
MATH 154,NUSC 341,0.25
MATH 157,NUSC 341,0.25
CHEM 120,NUSC 341,0.25
CHEM 121,NUSC 341,0.25
PHYS 101,NUSC 341,0.13
PHYS 120,NUSC 341,0.13
PHYS 125,NUSC 341,0.13
PHYS 140,NUSC 341,0.13
NUSC 342,NUSC 444,0.25
NUSC 442,NUSC 444,0.25
PHYS 101,PHYS 102,0.25
PHYS 120,PHYS 102,0.25
PHYS 125,PHYS 102,0.25
PHYS 140,PHYS 102,0.25
MATH 150,PHYS 102,0.25
MATH 151,PHYS 102,0.25
MATH 154,PHYS 102,0.25
MATH 157,PHYS 102,0.25
BISC 100,PHYS 102,0.33
BISC 101,PHYS 102,0.33
BISC 102,PHYS 102,0.33
PHYS 132,PHYS 133,0.33
PHYS 140,PHYS 133,0.33
ENSC 120,PHYS 133,0.33
PHYS 102,PHYS 133,0.33
PHYS 121,PHYS 133,0.33
PHYS 126,PHYS 133,0.33
HS BC Principles of Physics 12,PHYS 140,0.5
PHYS 100,PHYS 140,0.5
MATH 150,PHYS 140,0.33
MATH 151,PHYS 140,0.33
MATH 154,PHYS 140,0.33
PHYS 121,PHYS 201,0.25
PHYS 126,PHYS 201,0.25
PHYS 141,PHYS 201,0.25
PHYS 102,PHYS 201,0.25
PHYS 133,PHYS 233,0.33
PHYS 141,PHYS 233,0.33
ENSC 120,PHYS 233,0.33
PHYS 233,PHYS 391,1
MATH 260,PHYS 395,0.5
MATH 310,PHYS 395,0.5
PHYS 255,PHYS 395,1
CMPT 120,PHYS 395,1
PHYS 321,PHYS 421,1
PHYS 255,PHYS 421,0.5
ENSC 380,PHYS 421,0.5
PHYS 336,PHYS 435,1
PHYS 344,PHYS 445,0.5
CHEM 360,PHYS 445,0.5
PHYS 415,PHYS 810,1
PHYS 421,PHYS 821,1
PHYS 421,PHYS 822,1
PHYS 465,PHYS 861,1
PHYS 415,PHYS 861,1
PLAN 300,PLAN 495,0.5
PLAN 302,PLAN 495,0.25
ENV 302,PLAN 495,0.25
PLCY 806,PLCY 818,1
PSYC 201W,PSYC 385,1
PSYC 820B,PSYC 807B,0.5
PSYC 821B,PSYC 807B,0.5
PSYC 822,PSYC 807B,0.5
PSYC 823,PSYC 807B,0.5
PSYC 824,PSYC 807B,0.5
PSYC 820B,PSYC 807F,0.2
PSYC 821B,PSYC 807F,0.2
PSYC 822,PSYC 807F,0.2
PSYC 823,PSYC 807F,0.2
PSYC 821B,PSYC 820B,1
PSYC 821A,PSYC 821B,1
PSYC 820B,PSYC 821B,1
REM 100,REM 311,0.5
EVSC 100,REM 311,0.5
BISC 204,REM 311,0.33
GEOG 215,REM 311,0.33
REM 211,REM 311,0.33
STAT 201,REM 311,0.25
STAT 203,REM 311,0.25
STAT 205,REM 311,0.25
GEOG 251,REM 311,0.25
STAT 201,REM 427,0.13
STAT 203,REM 427,0.13
STAT 205,REM 427,0.13
GEOG 251,REM 427,0.13
REM 100,REM 431,0.33
EVSC 100,REM 431,0.33
GEOG 111,REM 431,0.33
REM 221,REM 431,1
RISK 101,RISK 321,0.33
ACMA 101,RISK 321,0.33
RISK 102,RISK 321,0.33
STAT 330,RISK 321,1
RISK 231,RISK 321,1
SA 101,SA 321,0.33
SA 150,SA 321,0.33
SA 201W,SA 321,0.33
SA 101,SA 337,0.33
SA 150,SA 337,0.33
SA 201W,SA 337,0.33
SA 101,SA 410,0.33
SA 150,SA 410,0.33
SA 201W,SA 410,0.33
SA 101,SA 474,0.5
SA 201W,SA 474,0.5
SA 101,SA 496,0.33
SA 150,SA 496,0.33
SA 201W,SA 496,0.33
SA 101,SA 497,0.33
SA 150,SA 497,0.33
SA 201W,SA 497,0.33
SPAN 100,SPAN 110,0.25
SPAN 102,SPAN 110,0.25
HS grade 12 Spanish,SPAN 110,0.5
SPAN 200,SPAN 210,0.5
SPAN 201,SPAN 210,0.5
SPAN 202,SPAN 302,1
STAT 270,STAT 180,0.5
STAT 201,STAT 240,0.08
STAT 203,STAT 240,0.08
STAT 205,STAT 240,0.08
STAT 270,STAT 240,0.08
BUS 232,STAT 240,0.08
ECON 233,STAT 240,0.08
CMPT 102,STAT 240,0.08
CMPT 120,STAT 240,0.08
CMPT 125,STAT 240,0.08
CMPT 128,STAT 240,0.08
CMPT 129,STAT 240,0.08
CMPT 130,STAT 240,0.08
STAT 350,STAT 440,0.5
STAT 341,STAT 440,0.17
STAT 260,STAT 440,0.5
CMPT 225,STAT 440,0.5
STAT 302,STAT 440,0.25
STAT 305,STAT 440,0.25
STAT 240,STAT 440,0.5
STAT 260,STAT 452,1
STAT 302,STAT 452,0.25
STAT 305,STAT 452,0.25
STAT 350,STAT 452,0.25
ECON 333,STAT 452,0.25
STAT 830,STAT 853,0.5
URB 696,URB 697,0.5
ARCH 101,ARCH 348,0.5
ARCH 201,ARCH 348,0.5
ARCH 101,ARCH 375,0.5
ARCH 201,ARCH 375,0.5
ARCH 101,ARCH 377,0.5
ARCH 201,ARCH 377,0.5
BUS 320,BUS 330,1
EDUC 810,EDUC 863,0.5
EDUC 864,EDUC 863,0.5
EDUC 866,EDUC 867,1
EDUC 870,EDUC 871,1
EDUC 870,EDUC 874,1
EDUC 874,EDUC 878,1
EDUC 719,EDUC 889,1
EDUC 901B,EDUC 901A,1
EDUC 901A,EDUC 901B,1
EDUC 902B,EDUC 902A,1
EDUC 902A,EDUC 902B,1
EDUC 864,EDUC 934,1
EDUC 890,EDUC 934,1
EDUC 891,EDUC 934,1
EDUC 892,EDUC 934,1
EDUC 893,EDUC 934,1
EDUC 935,EDUC 934,1
EDUC 864,EDUC 935,1
EDUC 890,EDUC 935,1
EDUC 891,EDUC 935,1
EDUC 892,EDUC 935,1
EDUC 893,EDUC 935,1
EDUC 934,EDUC 935,1
EDUC 860,EDUC 971,1
ENGL 111W,ENGL 272,0.07
ENGL 112W,ENGL 272,0.07
ENGL 113W,ENGL 272,0.07
ENGL 114W,ENGL 272,0.07
ENGL 115W,ENGL 272,0.07
WL 105W,ENGL 272,0.33
PUB 101,ENGL 272,0.33
ENGL 272,ENGL 372,0.33
ENGL 272,ENGL 374,0.33
ENGL 892,ENGL 894,1
ENGL 893,ENGL 894,1
ENSC 105W,ENSC 100W,1
CMPT 106,ENSC 105W,1
ENSC 100,ENSC 105W,0.5
ENSC 106,ENSC 105W,0.5
HS BC Pre-Calculus 12,ENSC 120,1
HS BC Physics 12,ENSC 120,1
ENSC 151,ENSC 180,0.33
CMPT 120,ENSC 180,0.33
CMPT 130,ENSC 180,0.33
MATH 151,ENSC 180,0.5
MATH 150,ENSC 180,0.5
MATH 152,ENSC 180,1
MATH 232,ENSC 180,1
PHYS 121,ENSC 220,0.33
PHYS 126,ENSC 220,0.33
PHYS 141,ENSC 220,0.33
ENSC 120,ENSC 220,1
MATH 232,ENSC 220,1
MATH 260,ENSC 220,0.5
MATH 310,ENSC 220,0.5
ENSC 220,ENSC 225,0.5
MSE 250,ENSC 225,0.5
MATH 232,ENSC 225,1
MATH 260,ENSC 225,0.5
MATH 310,ENSC 225,0.5
ENSC 151,ENSC 251,0.33
CMPT 135,ENSC 251,0.33
CMPT 125,ENSC 251,0.33
CMPT 127,ENSC 251,0.33
ENSC 151,ENSC 252,0.25
CMPT 125,ENSC 252,0.25
CMPT 126,ENSC 252,0.25
CMPT 135,ENSC 252,0.25
ENSC 251,ENSC 254,1
ENSC 252,ENSC 254,1
ENSC 195,ENSC 295,0.5
ENSC 196,ENSC 295,0.5
ENSC 195,ENSC 296,0.5
ENSC 196,ENSC 296,0.5
MATH 251,ENSC 316,1
ENSC 220,ENSC 316,0.5
MSE 250,ENSC 316,0.5
ENSC 220,ENSC 320,0.5
MSE 250,ENSC 320,0.5
MATH 232,ENSC 320,1
MATH 260,ENSC 320,0.5
MATH 310,ENSC 320,0.5
ENSC 220,ENSC 324,0.5
MSE 250,ENSC 324,0.5
MATH 232,ENSC 324,1
MATH 260,ENSC 324,0.5
MATH 310,ENSC 324,0.5
ENSC 225,ENSC 325,0.33
ENSC 226,ENSC 325,0.33
MSE 251,ENSC 325,0.33
ENSC 215,ENSC 350,0.5
ENSC 250,ENSC 350,0.25
CMPT 250,ENSC 350,0.25
ENSC 252,ENSC 350,0.5
ENSC 254,ENSC 350,0.5
ENSC 180,ENSC 380,1
ENSC 220,ENSC 380,0.5
MSE 250,ENSC 380,0.5
MATH 260,ENSC 380,0.5
MATH 310,ENSC 380,0.5
ENSC 380,ENSC 383,0.5
MSE 280,ENSC 383,0.5
PHYS 120,ENSC 385,0.5
PHYS 140,ENSC 385,0.5
MATH 152,ENSC 385,1
PHYS 120,ENSC 386,1
MATH 260,ENSC 386,0.5
MATH 310,ENSC 386,0.5
ENSC 281,ENSC 386,0.5
ENSC 385,ENSC 386,0.5
ENSC 380,ENSC 387,0.5
MSE 280,ENSC 387,0.5
ENSC 295,ENSC 395,0.5
ENSC 296,ENSC 395,0.5
ENSC 295,ENSC 396,0.5
ENSC 296,ENSC 396,0.5
MATH 251,ENSC 413,1
ENSC 280,ENSC 413,1
ENSC 351,ENSC 413,1
ENSC 380,ENSC 413,1
ENSC 316,ENSC 416,1
MATH 254,ENSC 416,1
ENSC 380,ENSC 424,0.5
MSE 280,ENSC 424,0.5
ENSC 320,ENSC 425,1
ENSC 325,ENSC 425,1
ENSC 380,ENSC 425,0.5
MSE 280,ENSC 425,0.5
ENSC 416,ENSC 426,0.5
PHYS 421,ENSC 426,0.5
ENSC 325,ENSC 426,1
ENSC 327,ENSC 427,1
ENSC 327,ENSC 429,0.5
ENSC 328,ENSC 429,0.5
ENSC 380,ENSC 429,0.5
MSE 280,ENSC 429,0.5
ENSC 405W,ENSC 440,1
ENSC 225,ENSC 450,0.33
MSE 251,ENSC 450,0.33
SEE 231,ENSC 450,0.33
ENSC 350,ENSC 450,1
ENSC 350,ENSC 452,1
ENSC 351,ENSC 452,1
ENSC 350,ENSC 453,1
ENSC 351,ENSC 453,1
PHYS 121,ENSC 470,0.33
PHYS 126,ENSC 470,0.33
PHYS 141,ENSC 470,0.33
MATH 260,ENSC 470,0.5
MATH 310,ENSC 470,0.5
ENSC 180,ENSC 474,0.5
ENSC 251,ENSC 474,0.5
CMPT 225,ENSC 474,0.5
ENSC 225,ENSC 475,0.5
MSE 251,ENSC 475,0.5
ENSC 320,ENSC 475,1
ENSC 380,ENSC 475,0.5
MSE 280,ENSC 475,0.5
ENSC 380,ENSC 477,0.5
MSE 280,ENSC 477,0.5
MATH 232,ENSC 482,1
MACM 316,ENSC 482,1
ENSC 280,ENSC 482,0.33
MSE 210,ENSC 482,0.33
PHYS 231,ENSC 482,0.33
ENSC 383,ENSC 483,0.5
MSE 381,ENSC 483,0.5
ENSC 230,ENSC 488,0.5
ENSC 386,ENSC 488,0.5
ENSC 383,ENSC 488,0.5
MSE 381,ENSC 488,0.5
ENSC 225,ENSC 495,0.25
MSE 251,ENSC 495,0.25
PHYS 365,ENSC 495,0.25
SEE 231,ENSC 495,0.25
ENSC 498,ENSC 499,1
ENSC 427,ENSC 835,0.5
ENSC 429,ENSC 861,1
ENSC 488,ENSC 890,0.5
ARCH 351,ENV 402,1
ENV 303,ENV 402,0.5
GEOG 303,ENV 402,0.5
ARCH 451,ENV 404,1
ENV 403,ENV 404,0.5
GEOG 403,ENV 404,0.5
EVSC 100,EVSC 201W,1
EVSC 201W,EVSC 300,1
EVSC 100,EVSC 305,1
EVSC 380,EVSC 381,1
EVSC 300,EVSC 400,1
EVSC 305,EVSC 400,1
EVSC 100,EVSC 410,0.13
REM 100,EVSC 410,0.13
EASC 100,EVSC 410,0.13
GEOG 111,EVSC 410,0.13
CHEM 122,EVSC 410,0.13
PHYS 102,EVSC 410,0.13
PHYS 121,EVSC 410,0.13
PHYS 141,EVSC 410,0.13
MATH 152,EVSC 410,0.25
MATH 155,EVSC 410,0.25
GEOG 251,EVSC 445,0.33
STAT 100,EVSC 445,0.07
STAT 201,EVSC 445,0.07
STAT 203,EVSC 445,0.07
STAT 205,EVSC 445,0.07
STAT 270,EVSC 445,0.07
EVSC 381,EVSC 480,1
EVSC 480,EVSC 481,1
EVSC 481,EVSC 482,1
EVSC 305,EVSC 489,1
EVSC 305,EVSC 490W,1
EVSC 489,EVSC 490W,1
FREN 101,FREN 102,0.25
FREN 120,FREN 102,0.25
FREN 121,FREN 102,0.25
HS Grade 12 French,FREN 201,0.25
FREN 102,FREN 201,0.25
FREN 122,FREN 201,0.25
FREN 201,FREN 202,0.33
FREN 210,FREN 202,0.33
HS Grade 12 French Immersion,FREN 203,0.25
FREN 202,FREN 203,0.25
FREN 221,FREN 203,0.25
FREN 221,FREN 222,0.33
FREN 211,FREN 222,0.33
FREN 212,FREN 222,0.33
HS Grade 12 French Immersion,FREN 245,0.25
FREN 202,FREN 245,0.25
FREN 221,FREN 245,0.25
HS Grade 12 French Immersion,FREN 275,0.25
FREN 202,FREN 275,0.25
FREN 221,FREN 275,0.25
HS Grade 12 French Immersion,FREN 301W,0.25
FREN 202,FREN 301W,0.25
FREN 221,FREN 301W,0.25
HS Grade 12 French Immersion,FREN 302,0.25
FREN 202,FREN 302,0.25
FREN 221,FREN 302,0.25
FREN 202,FREN 303,0.33
HS Grade 12 French Immersion,FREN 303,0.33
HS Grade 12 French Immersion,FREN 304,0.25
FREN 202,FREN 304,0.25
FREN 221,FREN 304,0.25
FREN 222,FREN 330,0.5
FREN 275,FREN 331,1
FREN 301W,FREN 331,1
FREN 275,FREN 332,1
FREN 301W,FREN 332,1
FREN 275,FREN 333,0.33
FREN 270,FREN 333,0.33
LING 222,FREN 333,0.33
FREN 275,FREN 334,0.33
FREN 270,FREN 334,0.33
LING 222,FREN 334,0.33
FREN 245,FREN 340,0.5
FREN 240,FREN 340,0.5
FREN 245,FREN 341,1
FREN 301W,FREN 341,1
FREN 245,FREN 344,0.33
FREN 230,FREN 344,0.33
FREN 240,FREN 344,0.33
FREN 301W,FREN 345,1
FREN 245,FREN 345,0.33
FREN 230,FREN 345,0.33
FREN 240,FREN 345,0.33
FREN 245,FREN 350,1
FREN 245,FREN 351,1
FREN 301W,FREN 351,1
FREN 245,FREN 355,1
FREN 301W,FREN 355,1
FREN 245,FREN 365,1
EDUC 942,EDUC 946,1
GEOG 111,GEOG 213,0.5
EASC 101,GEOG 213,0.5
GEOG 111,GEOG 214,1
GEOG 111,GEOG 215,1
GEOG 100,GEOG 221,1
GEOG 100,GEOG 241,0.25
INDG 101,GEOG 241,0.25
SA 101,GEOG 241,0.25
SA 150,GEOG 241,0.25
GEOG 100,GEOG 261,0.5
GEOG 102,GEOG 261,0.5
GEOG 100,GEOG 266W,0.25
GEOG 102,GEOG 266W,0.25
GEOG 104,GEOG 266W,0.25
GEOG 111,GEOG 266W,0.25
GEOG 100,GEOG 267,0.33
GEOG 104,GEOG 267,0.33
GEOG 162,GEOG 267,0.33
GEOG 111,GEOG 304,1
GEOG 100,GEOG 304,1
GEOG 213,GEOG 311,0.5
GEOG 214,GEOG 311,0.5
GEOG 251,GEOG 311,0.5
STAT 201,GEOG 311,0.13
STAT 203,GEOG 311,0.13
STAT 205,GEOG 311,0.13
STAT 270,GEOG 311,0.13
GEOG 100,GEOG 312,0.17
GEOG 104,GEOG 312,0.17
GEOG 111,GEOG 312,0.17
EASC 101,GEOG 312,0.25
EASC 104,GEOG 312,0.25
GEOG 213,GEOG 313,0.5
EASC 209W,GEOG 313,0.5
EASC 304,GEOG 313,0.5
GEOG 214,GEOG 314,1
GEOG 215,GEOG 315,0.5
BISC 204,GEOG 315,0.5
GEOG 215,GEOG 316,0.33
BISC 204,GEOG 316,0.33
GEOG 213,GEOG 317,0.25
GEOG 214,GEOG 317,0.25
GEOG 215,GEOG 317,0.25
CHEM 121,GEOG 317,0.25
GEOG 100,GEOG 321,1
GEOG 100,GEOG 324,1
GEOG 100,GEOG 327,0.5
REM 100,GEOG 327,0.5
GEOG 100,GEOG 328,0.5
LBST 101,GEOG 328,0.5
GEOG 100,GEOG 340,0.13
GSWS 100,GEOG 340,0.13
GSWS 101,GEOG 340,0.13
GSWS 102,GEOG 340,0.13
INDG 101,GEOG 340,0.13
SA 101,GEOG 340,0.13
HSCI 120,GEOG 340,0.13
CMNS 130,GEOG 340,0.13
GEOG 255,GEOG 351,1
GEOG 251,GEOG 352,0.5
STAT 201,GEOG 352,0.13
STAT 203,GEOG 352,0.13
STAT 205,GEOG 352,0.13
STAT 270,GEOG 352,0.13
GEOG 253,GEOG 353,1
GEOG 255,GEOG 355,1
GEOG 100,GEOG 362W,1
GEOG 100,GEOG 363,1
GEOG 100,GEOG 364,1
GEOG 100,GEOG 382,1
GEOG 100,GEOG 385,0.5
REM 100,GEOG 385,0.5
GEOG 100,GEOG 389W,0.5
REM 100,GEOG 389W,0.5
GEOG 403,GEOG 409,1
GEOG 100,GEOG 429,1
GEOG 100,GEOG 441,0.5
GEOG 161,GEOG 441,0.5
GEOG 355,GEOG 455W,1
GEOG 241,GEOG 465,1
GEOG 600,GEOG 671,1
GEOG 600,GEOG 677,1
GEOG 601,GEOG 677,1
GEOG 606,GEOG 677,1
GEOG 600,GEOG 678,1
GEOG 601,GEOG 678,1
GEOG 603,GEOG 678,1
GEOG 600,GEOG 679,1
GEOG 671,GEOG 679,1
GERM 100,GERM 110,0.5
GERM 102,GERM 110,0.5
GERM 110,GERM 200,0.5
GERM 103,GERM 200,0.5
GERM 200,GERM 210,0.5
GERM 201,GERM 210,0.5
GERM 202,GERM 300,0.5
GERO 994,GERO 996,1
GERO 995,GERO 996,1
GRK 100,GRK 111,0.5
GRK 191,GRK 111,0.5
GRK 111,GRK 200,0.5
GRK 192,GRK 200,0.5
GRK 200,GRK 211,0.25
GRK 291,GRK 211,0.25
GSWS 101,GSWS 401,0.5
WS 101,GSWS 401,0.5
GSWS 102,GSWS 401,0.5
WS 102,GSWS 401,0.5
GSWS 822,GSWS 844,1
MATH 152,MATH 260,1
MATH 155,MATH 260,0.5
MATH 158,MATH 260,0.5
MATH 232,MATH 260,0.5
MATH 240,MATH 260,0.5
PHYS 121,PHYS 313,0.25
PHYS 126,PHYS 313,0.25
PHYS 141,PHYS 313,0.25
PHYS 102,PHYS 313,0.25
MATH 232,PHYS 313,0.5
MATH 240,PHYS 313,0.5
BISC 204,REM 423,0.17
GEOG 215,REM 423,0.17
REM 211,REM 423,0.17
REM 225,REM 423,0.5
STAT 201,REM 423,0.13
STAT 203,REM 423,0.13
STAT 205,REM 423,0.13
GEOG 251,REM 423,0.13
MATH 151,REM 423,0.17
MATH 154,REM 423,0.17
MATH 157,REM 423,0.17
RISK 337,RISK 436,0.33
ACMA 337,RISK 436,0.33
GEOG 255,GEOG 356,1
GEOG 213,GEOG 412W,1
GEOG 314,GEOG 414,1
GEOG 251,GEOG 451,0.5
STAT 201,GEOG 451,0.13
STAT 203,GEOG 451,0.13
STAT 205,GEOG 451,0.13
STAT 270,GEOG 451,0.13
GEOG 351,GEOG 451,0.2
GEOG 352,GEOG 451,0.2
GEOG 353,GEOG 451,0.2
GEOG 355,GEOG 451,0.2
GEOG 356,GEOG 451,0.2
HS BC Math 12,MACM 101,0.5
MATH 100,MACM 101,0.1
MATH 150,MACM 101,0.1
MATH 151,MACM 101,0.1
MATH 154,MACM 101,0.1
MATH 157,MACM 101,0.1
RISK 437,RISK 438,0.25
ACMA 437,RISK 438,0.25
HSCI 351,HSCI 450,1
SEE 890,SEE 899,1
SEE 897,SEE 899,1
BUS 360W,BUS 492,1
ARCH 101,ARCH 390,0.5
ARCH 201,ARCH 390,0.5
ARCH 272,ARCH 390,0.25
ARCH 272W,ARCH 390,0.25
ARCH 273,ARCH 390,0.5
ARCH 373,ARCH 442,0.5
CRIM 357,ARCH 442,0.5
BPK 303,ARCH 442,1
BPK 324,ARCH 442,1
BPK 325,ARCH 442,1
BPK 326,ARCH 442,1
BPK 105,BPK 342,0.5
BPK 205,BPK 342,0.5
BPK 142,BPK 342,1
BPK 143,BPK 342,1
BPK 326,BPK 426,1
BPK 306,BPK 426,1
BPK 304W,BPK 443,1
BPK 310,BPK 443,1
BPK 343,BPK 443,1
BPK 457,BPK 459,1
MATH 150,BUS 232,0.25
MATH 151,BUS 232,0.25
MATH 154,BUS 232,0.25
MATH 157,BUS 232,0.25
BUS 232,BUS 345,0.13
ECON 233,BUS 345,0.13
STAT 270,BUS 345,0.13
STAT 271,BUS 345,0.13
BUS 343,BUS 345,0.5
BUS 311,BUS 401,0.5
BUS 254,BUS 401,0.5
BUS 312,BUS 401,0.5
BUS 341,BUS 401,1
BUS 340,BUS 401,1
BUS 345,BUS 439,0.25
BUS 440,BUS 439,0.25
BUS 360W,BUS 439,0.5
BUS 437,BUS 439,0.25
BUS 441,BUS 439,0.25
BUS 445,BUS 439,0.5
BUS 462,BUS 439,0.5
BUS 464,BUS 439,0.5
CMPT 354,BUS 439,0.5
BUS 343,BUS 443,0.5
BUS 360W,BUS 443,0.5
CA 122,CA 123,0.5
FPA 122,CA 123,0.5
CA 123,CA 123,1
CA 124,CA 123,1
CA 145,CA 143,0.5
CA 135,CA 216,0.1
CA 136,CA 216,0.1
CA 137,CA 216,0.1
CA 186,CA 216,0.1
CA 235,CA 216,0.1
CA 236,CA 216,0.1
CA 316,CA 216,0.05
CA 337,CA 216,0.05
CA 318,CA 216,0.05
CA 335,CA 216,0.05
CA 416,CA 216,0.05
CA 436,CA 216,0.05
CA 117,CA 235,0.1
CA 118,CA 235,0.1
CA 135,CA 235,0.1
CA 136,CA 235,0.1
CA 137,CA 235,0.1
CA 140,CA 245,1
CA 144,CA 245,1
CA 145,CA 245,1
CA 146,CA 245,1
CA 136,CA 316,0.5
CA 137,CA 316,0.5
CA 220,CA 327,0.2
CA 320,CA 327,0.2
CA 322,CA 327,0.2
CA 420,CA 327,0.2
CA 421,CA 327,0.2
CA 231,CA 339,0.25
FPA 231,CA 339,0.25
CA 251,CA 339,0.25
FPA 251,CA 339,0.25
CA 270,CA 371,0.25
FPA 270,CA 371,0.25
CA 271,CA 371,0.25
FPA 271,CA 371,0.25
CA 210W,CA 412W,0.06
CA 210,CA 412W,0.06
FPA 210W,CA 412W,0.06
FPA 210,CA 412W,0.06
CA 316,CA 412W,0.06
CA 337,CA 412W,0.06
FPA 316,CA 412W,0.06
FPA 337,CA 412W,0.06
CA 318,CA 412W,0.06
CA 335,CA 412W,0.06
FPA 318,CA 412W,0.06
FPA 335,CA 412W,0.06
CA 357W,CA 412W,0.13
FPA 357W,CA 412W,0.13
CA 316,CA 416,0.13
CA 337,CA 416,0.13
FPA 316,CA 416,0.13
FPA 337,CA 416,0.13
CA 318,CA 416,0.13
CA 335,CA 416,0.13
FPA 318,CA 416,0.13
FPA 335,CA 416,0.13
HS Pre-Calculus 12,CHEM 115,0.33
MATH 100,CHEM 115,0.17
MATH 110,CHEM 115,0.17
CHEM 110,CHEM 115,1
CHIN 100,CHIN 110,1
MACM 101,CMPT 295,0.5
CMPT 125,CMPT 295,0.25
CMPT 135,CMPT 295,0.25
MATH 151,CMPT 295,0.5
CMPT 102,CMPT 295,0.5
CMPT 225,CMPT 307,1
MACM 201,CMPT 307,0.5
CMPT 210,CMPT 307,0.5
MATH 150,CMPT 307,0.25
MATH 151,CMPT 307,0.25
MATH 154,CMPT 307,0.25
MATH 157,CMPT 307,0.25
MATH 232,CMPT 307,0.5
MATH 240,CMPT 307,0.5
CMPT 225,CMPT 371,1
MATH 151,CMPT 371,0.33
MATH 150,CMPT 371,0.33
MATH 154,CMPT 371,0.17
MATH 157,CMPT 371,0.17
CMPT 361,CMPT 466,0.5
MACM 316,CMPT 466,0.5
CRIM 101,CRIM 320,1
CRIM 120,CRIM 320,0.5
CRIM 220,CRIM 320,0.5
CRIM 321,CRIM 320,1
EASC 210,EASC 310W,1
ECON 103,ECON 222,0.25
MATH 150,ECON 222,0.25
MATH 151,ECON 222,0.25
MATH 154,ECON 222,0.25
MATH 157,ECON 222,0.25
ECON 113,ECON 222,0.5
ECON 233,ECON 334,0.25
BUS 232,ECON 334,0.25
STAT 270,ECON 334,0.25
POL 201,ECON 334,0.25
ECON 103,ECON 334,0.25
ECON 113,ECON 334,0.25
ECON 105,ECON 334,0.25
ECON 115,ECON 334,0.25
ECON 103,ECON 342,0.5
ECON 113,ECON 342,0.5
ECON 105,ECON 342,0.5
ECON 115,ECON 342,0.5
ECON 201,ECON 427W,1
ECON 333,ECON 427W,0.33
BUEC 333,ECON 427W,0.33
ECON 302,ECON 427W,0.33
EDUC 401,EDUC 375,0.5
EDUC 402,EDUC 375,0.5
EDUC 403,EDUC 375,1
EDUC 401,EDUC 405,0.33
EDUC 402,EDUC 405,0.33
EDUC 403,EDUC 405,0.33
EDUC 402,EDUC 407,1
EDUC 401,EDUC 416,0.5
EDUC 402,EDUC 416,0.5
EDUC 403,EDUC 416,1
EDUC 401,EDUC 430,0.5
EDUC 402,EDUC 430,0.5
EDUC 403,EDUC 430,1
EDUC 401,EDUC 457,0.25
EDUC 402,EDUC 457,0.25
EDUC 403,EDUC 457,0.5
EDUC 401,EDUC 459,0.5
EDUC 402,EDUC 459,0.5
EDUC 403,EDUC 459,1
EDUC 401,EDUC 467,0.13
EDUC 402,EDUC 467,0.13
EDUC 403,EDUC 467,0.25
EDUC 401,EDUC 473W,0.5
EDUC 402,EDUC 473W,0.5
EDUC 403,EDUC 473W,1
EDUC 401,EDUC 476,0.25
EDUC 402,EDUC 476,0.25
EDUC 403,EDUC 476,0.5
EDUC 401,EDUC 477,0.25
EDUC 402,EDUC 477,0.25
EDUC 403,EDUC 477,0.5
EDUC 401,EDUC 478,0.33
EDUC 402,EDUC 478,0.33
EDUC 403,EDUC 478,0.33
EDUC 870,EDUC 799,1
EDUC 874,EDUC 799,1
HS BC Math 12,ENSC 151,0.5
MATH 100,ENSC 151,0.1
MATH 150,ENSC 151,0.1
MATH 151,ENSC 151,0.1
MATH 154,ENSC 151,0.1
MATH 157,ENSC 151,0.1
ENSC 151,ENSC 351,0.33
ENSC 215,ENSC 351,0.33
ENSC 250,ENSC 351,0.33
ENSC 254,ENSC 351,0.33
CMPT 225,ENSC 351,0.33
CMPT 250,ENSC 351,0.17
CMPT 295,ENSC 351,0.17
ENSC 100,ENSC 406,0.25
ENSC 106,ENSC 406,0.25
CMPT 106,ENSC 406,0.25
MSE 102,ENSC 406,0.25
ARCH 350,ENV 303,1
ENV 302,ENV 303,0.5
GEOG 302,ENV 303,0.5
ARCH 450,ENV 403,1
ENV 402,ENV 403,0.5
GEOG 402,ENV 403,0.5
HIST 224,HIST 401,0.25
HIST 225,HIST 401,0.25
HIST 332,HIST 401,0.25
HSCI 451,HSCI 452,1
IAT 309W,IAT 431,1
IAT 333,IAT 431,1
INDG 101,INDG 301,0.17
FNST 101,INDG 301,0.17
INDG 201W,INDG 301,0.17
FNST 201W,INDG 301,0.17
INDG 111,INDG 301,0.17
FNST 111,INDG 301,0.17
INDG 101,INDG 433,0.2
FNST 101,INDG 433,0.2
INDG 201W,INDG 433,0.2
FNST 201W,INDG 433,0.2
INDG 101,INDG 435,0.5
INDG 201W,INDG 435,0.5
CMPT 102,MACM 203,0.2
CMPT 120,MACM 203,0.2
CMPT 126,MACM 203,0.2
CMPT 128,MACM 203,0.2
CMPT 130,MACM 203,0.2
MATH 150,MACM 203,0.25
MATH 151,MACM 203,0.25
MATH 154,MACM 203,0.25
MATH 157,MACM 203,0.25
MATH 232,MACM 203,0.5
MATH 240,MACM 203,0.5
MATH 152,MACM 316,0.33
MATH 155,MACM 316,0.33
MATH 158,MACM 316,0.33
MATH 232,MACM 316,0.5
MATH 240,MACM 316,0.5
MATH 251,MACM 409,1
MACM 316,MACM 409,1
MATH 152,MATH 303,0.33
MATH 155,MATH 303,0.33
MATH 158,MATH 303,0.33
MATH 232,MATH 303,0.5
MATH 240,MATH 303,0.5
MATH 260,MATH 314,0.5
MATH 310,MATH 314,0.5
MATH 251,MATH 314,0.5
MATH 252,MATH 314,0.25
MATH 254,MATH 314,0.25
MATH 240,MATH 342,0.5
MATH 232,MATH 342,0.5
MATH 260,MATH 360,0.5
MATH 155,MATH 360,0.5
BISC 204,MATH 360,1
MATH 260,MATH 418,0.25
MATH 310,MATH 418,0.25
MATH 314,MATH 418,0.13
MATH 320,MATH 418,0.13
MATH 322,MATH 418,0.13
PHYS 384,MATH 418,0.13
MATH 252,MATH 418,0.25
MATH 254,MATH 418,0.25
MATH 314,MATH 462,0.17
MATH 418,MATH 462,0.17
PHYS 384,MATH 462,0.17
MATH 251,MATH 462,0.5
MATH 260,MATH 462,0.25
MATH 310,MATH 462,0.25
MATH 499W,MATH 498,1
MBB 222,MBB 229,1
MBB 308,MBB 498,0.5
MBB 309W,MBB 498,0.5
PHYS 141,MSE 250,0.5
PHYS 121,MSE 250,0.5
PHYS 131,MSE 250,0.5
MSE 281,MSE 250,0.5
MATH 260,MSE 250,0.5
MATH 232,MSE 250,1
PHIL 201,PHIL 343,0.25
PHIL 203,PHIL 343,0.25
PHIL 100,PHIL 343,0.17
PHIL 100W,PHIL 343,0.17
PHIL 300,PHIL 343,0.17
COGS 200,PHIL 343,0.5
PHYS 120,PHYS 141,0.13
PHYS 125,PHYS 141,0.13
PHYS 140,PHYS 141,0.13
MSE 103,PHYS 141,0.13
PHYS 101,PHYS 141,0.5
MATH 152,PHYS 141,0.5
MATH 155,PHYS 141,0.5
PHYS 121,PHYS 321,0.25
PHYS 126,PHYS 321,0.25
PHYS 141,PHYS 321,0.25
PHYS 102,PHYS 321,0.25
MATH 252,PHYS 321,0.5
MATH 254,PHYS 321,0.5
MATH 260,PHYS 321,0.5
MATH 310,PHYS 321,0.5
CHEM 120,PHYS 346,0.5
CHEM 121,PHYS 346,0.5
PHYS 102,PHYS 346,0.25
PHYS 121,PHYS 346,0.25
PHYS 126,PHYS 346,0.25
PHYS 141,PHYS 346,0.25
MATH 152,PHYS 346,0.5
MATH 155,PHYS 346,0.5
PHYS 385,PHYS 485,0.5
CHEM 364,PHYS 485,0.5
PHYS 313,PHYS 485,0.5
PHYS 365,PHYS 849,0.33
PHYS 465,PHYS 849,0.33
PSYC 820A,PSYC 821A,1
SA 495,SA 499,1
SEE 110,SEE 402,1
SEE 310,SEE 464,0.5
SEE 324,SEE 464,0.5
MSE 321,SEE 464,0.5
SEE 896,SEE 810,0.5
SEE 897,SEE 810,0.5
STAT 260,STAT 360,0.5
STAT 341,STAT 360,0.5
STAT 302,STAT 360,0.25
STAT 305,STAT 360,0.25
STAT 350,STAT 360,0.25
ECON 333,STAT 360,0.25
STAT 361,STAT 360,1
STAT 260,STAT 361,0.5
STAT 341,STAT 361,0.5
STAT 302,STAT 361,0.25
STAT 305,STAT 361,0.25
STAT 350,STAT 361,0.25
ECON 333,STAT 361,0.25
STAT 360,STAT 361,1